x_ft,y_ft,lux
0.000000,1.637495,2.913393
0.978778,1.637495,3.055110
1.957556,1.637495,3.193662
0.000000,3.274990,3.326341
0.978778,3.274990,3.520859
1.957556,3.274990,3.714816
2.936333,3.274990,3.902424
3.915111,3.274990,4.076720
0.000000,4.912485,3.813546
0.978778,4.912485,4.082747
1.957556,4.912485,4.357788
2.936333,4.912485,4.630278
3.915111,4.912485,4.889188
4.893889,4.912485,5.121303
5.872667,4.912485,5.312357
0.000000,6.549980,4.375173
0.978778,6.549980,4.747755
1.957556,6.549980,5.139748
2.936333,6.549980,5.539847
3.915111,6.549980,5.931194
4.893889,6.549980,6.291460
5.872667,6.549980,6.594484
6.851444,6.549980,6.813841
7.830222,6.549980,6.927914
0.000000,8.187475,4.995079
0.978778,8.187475,5.504070
1.957556,8.187475,6.057935
2.936333,8.187475,6.643660
3.915111,8.187475,7.237503
4.893889,8.187475,7.803219
5.872667,8.187475,8.293386
6.851444,8.187475,8.655762
7.830222,8.187475,8.844805
8.809000,8.187475,8.834853
9.787778,8.187475,8.628686
0.000000,9.824970,5.629201
0.978778,9.824970,6.302524
1.957556,9.824970,7.061859
2.936333,9.824970,7.896848
3.915111,9.824970,8.778979
4.893889,9.824970,9.654538
5.872667,9.824970,10.442139
6.851444,9.824970,11.041562
7.830222,9.824970,11.358048
8.809000,9.824970,11.335512
9.787778,9.824970,10.980152
10.766556,9.824970,10.357683
11.745333,9.824970,9.566307
0.000000,11.462465,6.197905
0.978778,11.462465,7.039357
1.957556,11.462465,8.019940
2.936333,11.462465,9.139110
3.915111,11.462465,10.370806
4.893889,11.462465,11.646562
5.872667,11.462465,12.841986
6.851444,11.462465,13.782965
7.830222,11.462465,14.289010
8.809000,11.462465,14.247172
9.787778,11.462465,13.670167
10.766556,11.462465,12.689402
11.745333,11.462465,11.489230
12.724111,11.462465,10.236352
13.702889,11.462465,9.044118
0.000000,13.099960,6.596564
0.978778,13.099960,7.564174
1.957556,13.099960,8.717615
2.936333,13.099960,10.069478
3.915111,13.099960,11.602878
4.893889,13.099960,13.243956
5.872667,13.099960,14.832732
6.851444,13.099960,16.119130
7.830222,13.099960,16.823128
8.809000,13.099960,16.761094
9.787778,13.099960,15.954013
10.766556,13.099960,14.614191
11.745333,13.099960,13.024181
12.724111,13.099960,11.419158
13.702889,13.099960,9.941147
14.681667,13.099960,8.650750
15.660444,13.099960,7.557368
0.000000,14.737455,6.734775
0.978778,14.737455,7.738387
1.957556,14.737455,8.941731
2.936333,14.737455,10.361997
3.915111,14.737455,11.986233
4.893889,14.737455,13.740446
5.872667,14.737455,15.454744
6.851444,14.737455,16.854534
7.830222,14.737455,17.625244
8.809000,14.737455,17.557719
9.787778,14.737455,16.675951
10.766556,14.737455,15.221293
11.745333,14.737455,13.510000
12.724111,14.737455,11.798909
13.702889,14.737455,10.237608
14.681667,14.737455,8.885665
15.660444,14.737455,7.748221
16.639222,14.737455,6.804806
17.618000,14.737455,6.026496
0.000000,16.374949,6.586287
0.978778,16.374949,7.520441
1.957556,16.374949,8.625988
2.936333,16.374949,9.911021
3.915111,16.374949,11.355107
4.893889,16.374949,12.885240
5.872667,16.374949,14.352150
6.851444,16.374949,15.530433
7.830222,16.374949,16.173645
8.809000,16.374949,16.122482
9.787778,16.374949,15.395033
10.766556,16.374949,14.175772
11.745333,16.374949,12.714254
12.724111,16.374949,11.223581
13.702889,16.374949,9.837326
14.681667,16.374949,8.616400
15.660444,16.374949,7.574086
16.639222,16.374949,6.698893
17.618000,16.374949,5.969434
18.596778,16.374949,5.362418
19.575556,16.374949,4.856282
0.000000,18.012444,6.205921
0.978778,18.012444,6.996146
1.957556,18.012444,7.905752
2.936333,18.012444,8.929785
3.915111,18.012444,10.040197
4.893889,18.012444,11.172978
5.872667,18.012444,12.219605
6.851444,18.012444,13.035186
7.830222,18.012444,13.474477
8.809000,18.012444,13.448399
9.787778,18.012444,12.966849
10.766556,18.012444,12.133618
11.745333,18.012444,11.097735
12.724111,18.012444,9.998894
13.702889,18.012444,8.936962
14.681667,18.012444,7.968074
15.660444,18.012444,7.114804
16.639222,18.012444,6.378930
17.618000,18.012444,5.751499
18.596778,18.012444,5.219252
19.575556,18.012444,4.768166
20.554333,18.012444,4.385163
21.533111,18.012444,4.058783
0.000000,19.649939,5.695898
0.978778,19.649939,6.318944
1.957556,19.649939,7.011433
2.936333,19.649939,7.761254
3.915111,19.649939,8.541009
4.893889,19.649939,9.303418
5.872667,19.649939,9.980886
6.851444,19.649939,10.493711
7.830222,19.649939,10.768853
8.809000,19.649939,10.763862
9.787778,19.649939,10.483296
10.766556,19.649939,9.976823
11.745333,19.649939,9.320330
12.724111,19.649939,8.592143
13.702889,19.649939,7.856121
14.681667,19.649939,7.155369
15.660444,19.649939,6.513813
16.639222,19.649939,5.941124
17.618000,19.649939,5.437894
18.596778,19.649939,4.999691
19.575556,19.649939,4.619788
20.554333,19.649939,4.290793
21.533111,19.649939,4.005543
22.511889,19.649939,3.757524
23.490667,19.649939,3.541023
0.000000,21.287434,5.155355
0.978778,21.287434,5.626787
1.957556,21.287434,6.132509
2.936333,21.287434,6.659770
3.915111,21.287434,7.187256
4.893889,21.287434,7.684279
5.872667,21.287434,8.112420
6.851444,21.287434,8.430787
7.830222,21.287434,8.604588
8.809000,21.287434,8.614457
9.787778,21.287434,8.462336
10.766556,21.287434,8.170816
11.745333,21.287434,7.776288
12.724111,21.287434,7.319471
13.702889,21.287434,6.837339
14.681667,21.287434,6.358595
15.660444,21.287434,5.902593
16.639222,21.287434,5.480475
17.618000,21.287434,5.097173
18.596778,21.287434,4.753447
19.575556,21.287434,4.447535
20.554333,21.287434,4.176339
21.533111,21.287434,3.936212
22.511889,21.287434,3.723428
23.490667,21.287434,3.534450
24.469444,21.287434,3.366064
25.448222,21.287434,3.215422
0.000000,22.924929,4.651455
0.978778,22.924929,5.003139
1.957556,22.924929,5.368726
2.936333,22.924929,5.737875
3.915111,22.924929,6.095968
4.893889,22.924929,6.424410
5.872667,22.924929,6.702114
6.851444,22.924929,6.908307
7.830222,22.924929,7.026270
8.809000,22.924929,7.046952
9.787778,22.924929,6.971115
10.766556,22.924929,6.809097
11.745333,22.924929,6.578305
12.724111,22.924929,6.299477
13.702889,22.924929,5.993064
14.681667,22.924929,5.676664
15.660444,22.924929,5.363796
16.639222,22.924929,5.063774
17.618000,22.924929,4.782248
18.596778,22.924929,4.522020
19.575556,22.924929,4.283875
20.554333,22.924929,4.067275
21.533111,22.924929,3.870906
22.511889,22.924929,3.693055
23.490667,22.924929,3.531864
24.469444,22.924929,3.385496
25.448222,22.924929,3.252217
26.427000,22.924929,3.130453
27.405778,22.924929,3.018798
0.000000,24.562424,4.217307
0.978778,24.562424,4.481829
1.957556,24.562424,4.750006
2.936333,24.562424,5.014386
3.915111,24.562424,5.265523
4.893889,24.562424,5.492413
5.872667,24.562424,5.683442
6.851444,24.562424,5.827796
7.830222,24.562424,5.917089
8.809000,24.562424,5.946821
9.787778,24.562424,5.917196
10.766556,24.562424,5.833043
11.745333,24.562424,5.702842
12.724111,24.562424,5.537218
13.702889,24.562424,5.347320
14.681667,24.562424,5.143508
15.660444,24.562424,4.934502
16.639222,24.562424,4.727039
17.618000,24.562424,4.525889
18.596778,24.562424,4.334108
19.575556,24.562424,4.153388
20.554333,24.562424,3.984409
21.533111,24.562424,3.827152
22.511889,24.562424,3.681157
23.490667,24.562424,3.545708
24.469444,24.562424,3.419971
25.448222,24.562424,3.303078
26.427000,24.562424,3.194189
27.405778,24.562424,3.092519
28.384556,24.562424,2.997356
29.363333,24.562424,2.908063
0.000000,26.199919,3.862351
0.978778,26.199919,4.066606
1.957556,26.199919,4.270104
2.936333,26.199919,4.467756
3.915111,26.199919,4.653579
4.893889,26.199919,4.821027
5.872667,26.199919,4.963536
6.851444,26.199919,5.075215
7.830222,26.199919,5.151585
8.809000,26.199919,5.190189
9.787778,26.199919,5.190934
10.766556,26.199919,5.156056
11.745333,26.199919,5.089727
12.724111,26.199919,4.997419
13.702889,26.199919,4.885166
14.681667,26.199919,4.758911
15.660444,26.199919,4.624006
16.639222,26.199919,4.484931
17.618000,26.199919,4.345184
18.596778,26.199919,4.207328
19.575556,26.199919,4.073102
20.554333,26.199919,3.943589
21.533111,26.199919,3.819367
22.511889,26.199919,3.700665
23.490667,26.199919,3.587473
24.469444,26.199919,3.479639
25.448222,26.199919,3.376933
26.427000,26.199919,3.279090
27.405778,26.199919,3.185838
28.384556,26.199919,3.096913
29.363333,26.199919,3.012067
30.342111,26.199919,2.931069
31.320889,26.199919,2.853703
0.000000,27.837414,3.583319
0.978778,27.837414,3.747532
1.957556,27.837414,3.909633
2.936333,27.837414,4.066218
3.915111,27.837414,4.213489
4.893889,27.837414,4.347465
5.872667,27.837414,4.464283
6.851444,27.837414,4.560540
7.830222,27.837414,4.633640
8.809000,27.837414,4.682060
9.787778,27.837414,4.705504
10.766556,27.837414,4.704890
11.745333,27.837414,4.682181
12.724111,27.837414,4.640106
13.702889,27.837414,4.581820
14.681667,27.837414,4.510585
15.660444,27.837414,4.429497
16.639222,27.837414,4.341310
17.618000,27.837414,4.248336
18.596778,27.837414,4.152434
19.575556,27.837414,4.055034
20.554333,27.837414,3.957205
21.533111,27.837414,3.859731
22.511889,27.837414,3.763180
23.490667,27.837414,3.667972
24.469444,27.837414,3.574419
25.448222,27.837414,3.482767
26.427000,27.837414,3.393215
27.405778,27.837414,3.305927
28.384556,27.837414,3.221035
29.363333,27.837414,3.138647
30.342111,27.837414,3.058840
31.320889,27.837414,2.981665
32.299667,27.837414,2.907141
33.278444,27.837414,2.835262
0.000000,29.474909,3.371635
0.978778,29.474909,3.510461
1.957556,29.474909,3.647352
2.936333,29.474909,3.780045
3.915111,29.474909,3.906103
4.893889,29.474909,4.023032
5.872667,29.474909,4.128447
6.851444,29.474909,4.220241
7.830222,29.474909,4.296747
8.809000,29.474909,4.356864
9.787778,29.474909,4.400123
10.766556,29.474909,4.426681
11.745333,29.474909,4.437252
12.724111,29.474909,4.432976
13.702889,29.474909,4.415273
14.681667,29.474909,4.385684
15.660444,29.474909,4.345752
16.639222,29.474909,4.296923
17.618000,29.474909,4.240500
18.596778,29.474909,4.177630
19.575556,29.474909,4.109313
20.554333,29.474909,4.036434
21.533111,29.474909,3.959794
22.511889,29.474909,3.880138
23.490667,29.474909,3.798175
24.469444,29.474909,3.714587
25.448222,29.474909,3.630029
26.427000,29.474909,3.545121
27.405778,29.474909,3.460440
28.384556,29.474909,3.376505
29.363333,29.474909,3.293770
30.342111,29.474909,3.212617
31.320889,29.474909,3.133351
32.299667,29.474909,3.056203
33.278444,29.474909,2.981335
34.257222,29.474909,2.908843
35.236000,29.474909,2.838770
0.000000,31.112404,3.217396
0.978778,31.112404,3.341394
1.957556,31.112404,3.464412
2.936333,31.112404,3.584966
3.915111,31.112404,3.701482
4.893889,31.112404,3.812362
5.872667,31.112404,3.916067
6.851444,31.112404,4.011192
7.830222,31.112404,4.096544
8.809000,31.112404,4.171196
9.787778,31.112404,4.234505
10.766556,31.112404,4.286111
11.745333,31.112404,4.325905
12.724111,31.112404,4.353968
13.702889,31.112404,4.370518
14.681667,31.112404,4.375852
15.660444,31.112404,4.370307
16.639222,31.112404,4.354247
17.618000,31.112404,4.328067
18.596778,31.112404,4.292212
19.575556,31.112404,4.247214
20.554333,31.112404,4.193711
21.533111,31.112404,4.132468
22.511889,31.112404,4.064374
23.490667,31.112404,3.990428
24.469444,31.112404,3.911704
25.448222,31.112404,3.829308
26.427000,31.112404,3.744337
27.405778,31.112404,3.657829
28.384556,31.112404,3.570733
29.363333,31.112404,3.483881
30.342111,31.112404,3.397975
31.320889,31.112404,3.313577
32.299667,31.112404,3.231120
33.278444,31.112404,3.150912
34.257222,31.112404,3.073152
35.236000,31.112404,2.997950
36.214778,31.112404,2.925338
37.193556,31.112404,2.855290
0.000000,32.749899,3.111125
0.978778,32.749899,3.228004
1.957556,32.749899,3.345305
2.936333,32.749899,3.462106
3.915111,32.749899,3.577421
4.893889,32.749899,3.690240
5.872667,32.749899,3.799552
6.851444,32.749899,3.904379
7.830222,32.749899,4.003791
8.809000,32.749899,4.096918
9.787778,32.749899,4.182944
10.766556,32.749899,4.261089
11.745333,32.749899,4.330587
12.724111,32.749899,4.390660
13.702889,32.749899,4.440506
14.681667,32.749899,4.479311
15.660444,32.749899,4.506275
16.639222,32.749899,4.520677
17.618000,32.749899,4.521950
18.596778,32.749899,4.509768
19.575556,32.749899,4.484125
20.554333,32.749899,4.445391
21.533111,32.749899,4.394323
22.511889,32.749899,4.332047
23.490667,32.749899,4.259991
24.469444,32.749899,4.179794
25.448222,32.749899,4.093200
26.427000,32.749899,4.001952
27.405778,32.749899,3.907703
28.384556,32.749899,3.811946
29.363333,32.749899,3.715968
30.342111,32.749899,3.620826
31.320889,32.749899,3.527351
32.299667,32.749899,3.436154
33.278444,32.749899,3.347656
34.257222,32.749899,3.262112
35.236000,32.749899,3.179643
36.214778,32.749899,3.100265
37.193556,32.749899,3.023915
38.172333,32.749899,2.950477
39.151111,32.749899,2.879798
0.000000,34.387394,3.044320
0.978778,34.387394,3.159835
1.957556,34.387394,3.277503
2.936333,34.387394,3.396851
3.915111,34.387394,3.517360
4.893889,34.387394,3.638470
5.872667,34.387394,3.759582
6.851444,34.387394,3.880040
7.830222,34.387394,3.999120
8.809000,34.387394,4.115994
9.787778,34.387394,4.229693
10.766556,34.387394,4.339063
11.745333,34.387394,4.442720
12.724111,34.387394,4.539035
13.702889,34.387394,4.626132
14.681667,34.387394,4.701947
15.660444,34.387394,4.764326
16.639222,34.387394,4.811183
17.618000,34.387394,4.840691
18.596778,34.387394,4.851492
19.575556,34.387394,4.842873
20.554333,34.387394,4.814890
21.533111,34.387394,4.768404
22.511889,34.387394,4.705018
23.490667,34.387394,4.626936
24.469444,34.387394,4.536759
25.448222,34.387394,4.437267
26.427000,34.387394,4.331207
27.405778,34.387394,4.221133
28.384556,34.387394,4.109281
29.363333,34.387394,3.997511
30.342111,34.387394,3.887288
31.320889,34.387394,3.779699
32.299667,34.387394,3.675489
33.278444,34.387394,3.575115
34.257222,34.387394,3.478802
35.236000,34.387394,3.386594
36.214778,34.387394,3.298402
37.193556,34.387394,3.214046
38.172333,34.387394,3.133292
39.151111,34.387394,3.055872
40.129889,34.387394,2.981512
41.108667,34.387394,2.909942
0.000000,36.024889,3.009448
0.978778,36.024889,3.127975
1.957556,36.024889,3.250689
2.936333,36.024889,3.377540
3.915111,36.024889,3.508454
4.893889,36.024889,3.643317
5.872667,36.024889,3.781947
6.851444,36.024889,3.924055
7.830222,36.024889,4.069188
8.809000,36.024889,4.216649
9.787778,36.024889,4.365413
10.766556,36.024889,4.514019
11.745333,36.024889,4.660481
12.724111,36.024889,4.802218
13.702889,36.024889,4.936038
14.681667,36.024889,5.058214
15.660444,36.024889,5.164660
16.639222,36.024889,5.251235
17.618000,36.024889,5.314135
18.596778,36.024889,5.350341
19.575556,36.024889,5.358019
20.554333,36.024889,5.336805
21.533111,36.024889,5.287882
22.511889,36.024889,5.213851
23.490667,36.024889,5.118407
24.469444,36.024889,5.005910
25.448222,36.024889,4.880936
26.427000,36.024889,4.747875
27.405778,36.024889,4.610651
28.384556,36.024889,4.472543
29.363333,36.024889,4.336124
30.342111,36.024889,4.203281
31.320889,36.024889,4.075287
32.299667,36.024889,3.952898
33.278444,36.024889,3.836458
34.257222,36.024889,3.726003
35.236000,36.024889,3.621350
36.214778,36.024889,3.522168
37.193556,36.024889,3.428042
38.172333,36.024889,3.338515
39.151111,36.024889,3.253126
40.129889,36.024889,3.171430
41.108667,36.024889,3.093016
42.087444,36.024889,3.017517
43.066222,36.024889,2.944612
0.000000,37.662384,2.999710
0.978778,37.662384,3.124568
1.957556,37.662384,3.255953
2.936333,37.662384,3.394276
3.915111,37.662384,3.539967
4.893889,37.662384,3.693445
5.872667,37.662384,3.855079
6.851444,37.662384,4.025114
7.830222,37.662384,4.203582
8.809000,37.662384,4.390166
9.787778,37.662384,4.584029
10.766556,37.662384,4.783617
11.745333,37.662384,4.986439
12.724111,37.662384,5.188876
13.702889,37.662384,5.386049
14.681667,37.662384,5.571843
15.660444,37.662384,5.739148
16.639222,37.662384,5.880371
17.618000,37.662384,5.988219
18.596778,37.662384,6.056642
19.575556,37.662384,6.081756
20.554333,37.662384,6.062500
21.533111,37.662384,6.000843
22.511889,37.662384,5.901468
23.490667,37.662384,5.771034
24.469444,37.662384,5.617226
25.448222,37.662384,5.447812
26.427000,37.662384,5.269910
27.405778,37.662384,5.089512
28.384556,37.662384,4.911295
29.363333,37.662384,4.738620
30.342111,37.662384,4.573682
31.320889,37.662384,4.417712
32.299667,37.662384,4.271196
33.278444,37.662384,4.134078
34.257222,37.662384,4.005936
35.236000,37.662384,3.886116
36.214778,37.662384,3.773844
37.193556,37.662384,3.668298
38.172333,37.662384,3.568668
39.151111,37.662384,3.474189
40.129889,37.662384,3.384168
41.108667,37.662384,3.297993
42.087444,37.662384,3.215141
43.066222,37.662384,3.135173
44.045000,37.662384,3.057736
45.023778,37.662384,2.982551
0.000000,39.299879,3.008774
0.978778,39.299879,3.142355
1.957556,39.299879,3.285094
2.936333,39.299879,3.437944
3.915111,39.299879,3.601958
4.893889,39.299879,3.778258
5.872667,39.299879,3.967995
6.851444,39.299879,4.172266
7.830222,39.299879,4.391981
8.809000,39.299879,4.627675
9.787778,39.299879,4.879235
10.766556,39.299879,5.145537
11.745333,39.299879,5.424006
12.724111,39.299879,5.710131
13.702889,39.299879,5.997023
14.681667,39.299879,6.275178
15.660444,39.299879,6.532628
16.639222,39.299879,6.755718
17.618000,39.299879,6.930580
18.596778,39.299879,7.045180
19.575556,39.299879,7.091480
20.554333,39.299879,7.067079
21.533111,39.299879,6.975736
22.511889,39.299879,6.826580
23.490667,39.299879,6.632317
24.469444,39.299879,6.407020
25.448222,39.299879,6.164168
26.427000,39.299879,5.915297
27.405778,39.299879,5.669357
28.384556,39.299879,5.432649
29.363333,39.299879,5.209117
30.342111,39.299879,5.000810
31.320889,39.299879,4.808364
32.299667,39.299879,4.631444
33.278444,39.299879,4.469090
34.257222,39.299879,4.319987
35.236000,39.299879,4.182660
36.214778,39.299879,4.055606
37.193556,39.299879,3.937378
38.172333,39.299879,3.826644
39.151111,39.299879,3.722216
40.129889,39.299879,3.623064
41.108667,39.299879,3.528317
42.087444,39.299879,3.437256
43.066222,39.299879,3.349310
44.045000,39.299879,3.264032
45.023778,39.299879,3.181091
46.002556,39.299879,3.100252
46.981333,39.299879,3.021359
0.000000,40.937374,3.030567
0.978778,40.937374,3.174331
1.957556,40.937374,3.330104
2.936333,40.937374,3.499484
3.915111,40.937374,3.684290
4.893889,40.937374,3.886570
5.872667,40.937374,4.108573
6.851444,40.937374,4.352680
7.830222,40.937374,4.621277
8.809000,40.937374,4.916521
9.787778,40.937374,5.239971
10.766556,40.937374,5.592021
11.745333,40.937374,5.971114
12.724111,40.937374,6.372716
13.702889,40.937374,6.788159
14.681667,40.937374,7.203602
15.660444,40.937374,7.599577
16.639222,40.937374,7.951780
17.618000,40.937374,8.233654
18.596778,40.937374,8.420800
19.575556,40.937374,8.496242
20.554333,40.937374,8.454704
21.533111,40.937374,8.304036
22.511889,40.937374,8.063109
23.490667,40.937374,7.757167
24.469444,40.937374,7.412592
25.448222,40.937374,7.052808
26.427000,40.937374,6.696068
27.405778,40.937374,6.354959
28.384556,40.937374,6.037015
29.363333,40.937374,5.745813
30.342111,40.937374,5.482124
31.320889,40.937374,5.244897
32.299667,40.937374,5.032017
33.278444,40.937374,4.840841
34.257222,40.937374,4.668551
35.236000,40.937374,4.512380
36.214778,40.937374,4.369748
37.193556,40.937374,4.238330
38.172333,40.937374,4.116092
39.151111,40.937374,4.001299
40.129889,40.937374,3.892502
41.108667,40.937374,3.788525
42.087444,40.937374,3.688437
43.066222,40.937374,3.591526
44.045000,40.937374,3.497269
45.023778,40.937374,3.405302
46.002556,40.937374,3.315394
46.981333,40.937374,3.227416
47.960111,40.937374,3.141322
48.938889,40.937374,3.057121
0.000000,42.574869,3.059199
0.978778,42.574869,3.213593
1.957556,42.574869,3.382924
2.936333,42.574869,3.569504
3.915111,42.574869,3.776057
4.893889,42.574869,4.005764
5.872667,42.574869,4.262294
6.851444,42.574869,4.549806
7.830222,42.574869,4.872873
8.809000,42.574869,5.236296
9.787778,42.574869,5.644705
10.766556,42.574869,6.101839
11.745333,42.574869,6.609356
12.724111,42.574869,7.165017
13.702889,42.574869,7.760199
14.681667,42.574869,8.376985
15.660444,42.574869,8.985653
16.639222,42.574869,9.544210
17.618000,42.574869,10.002060
18.596778,42.574869,10.309089
19.575556,42.574869,10.428588
20.554333,42.574869,10.348816
21.533111,42.574869,10.087030
22.511889,42.574869,9.683586
23.490667,42.574869,9.189565
24.469444,42.574869,8.654283
25.448222,42.574869,8.117266
26.427000,42.574869,7.605533
27.405778,42.574869,7.134635
28.384556,42.574869,6.711341
29.363333,42.574869,6.336512
30.342111,42.574869,6.007468
31.320889,42.574869,5.719687
32.299667,42.574869,5.467903
33.278444,42.574869,5.246771
34.257222,42.574869,5.051242
35.236000,42.574869,4.876742
36.214778,42.574869,4.719256
37.193556,42.574869,4.575337
38.172333,42.574869,4.442091
39.151111,42.574869,4.317137
40.129889,42.574869,4.198560
41.108667,42.574869,4.084863
42.087444,42.574869,3.974913
43.066222,42.574869,3.867890
44.045000,42.574869,3.763236
45.023778,42.574869,3.660607
46.002556,42.574869,3.559830
46.981333,42.574869,3.460859
47.960111,42.574869,3.363741
48.938889,42.574869,3.268587
49.917667,42.574869,3.175543
50.896444,42.574869,3.084771
0.000000,44.212364,3.089047
0.978778,44.212364,3.253429
1.957556,44.212364,3.435510
2.936333,44.212364,3.638338
3.915111,44.212364,3.865587
4.893889,44.212364,4.121679
5.872667,44.212364,4.411911
6.851444,44.212364,4.742578
7.830222,44.212364,5.121049
8.809000,44.212364,5.555748
9.787778,44.212364,6.055905
10.766556,44.212364,6.630889
11.745333,44.212364,7.288801
12.724111,44.212364,8.033859
13.702889,44.212364,8.862090
14.681667,44.212364,9.755068
15.660444,44.212364,10.672545
16.639222,44.212364,11.547017
17.618000,44.212364,12.286131
18.596778,44.212364,12.789204
19.575556,44.212364,12.977501
20.554333,44.212364,12.825025
21.533111,44.212364,12.369872
22.511889,44.212364,11.697722
23.490667,44.212364,10.909543
24.469444,44.212364,10.093387
25.448222,44.212364,9.310953
26.427000,44.212364,8.597272
27.405778,44.212364,7.966901
28.384556,44.212364,7.421230
29.363333,44.212364,6.954370
30.342111,44.212364,6.557113
31.320889,44.212364,6.219273
32.299667,44.212364,5.930950
33.278444,44.212364,5.683120
34.257222,44.212364,5.467856
35.236000,44.212364,5.278368
36.214778,44.212364,5.108943
37.193556,44.212364,4.954852
38.172333,44.212364,4.812255
39.151111,44.212364,4.678090
40.129889,44.212364,4.549988
41.108667,44.212364,4.426169
42.087444,44.212364,4.305363
43.066222,44.212364,4.186724
44.045000,44.212364,4.069750
45.023778,44.212364,3.954214
46.002556,44.212364,3.840093
46.981333,44.212364,3.727513
47.960111,44.212364,3.616697
48.938889,44.212364,3.507924
49.917667,44.212364,3.401494
50.896444,44.212364,3.297701
51.875222,44.212364,3.196820
52.854000,44.212364,3.099087
0.000000,45.849859,3.115007
0.978778,45.849859,3.287637
1.957556,45.849859,3.480273
2.936333,45.849859,3.696607
3.915111,45.849859,3.941169
4.893889,45.849859,4.219531
5.872667,45.849859,4.538547
6.851444,45.849859,4.906630
7.830222,45.849859,5.334058
8.809000,45.849859,5.833224
9.787778,45.849859,6.418751
10.766556,45.849859,7.107186
11.745333,45.849859,7.915816
12.724111,45.849859,8.859760
13.702889,45.849859,9.946078
14.681667,45.849859,11.163402
15.660444,45.849859,12.466656
16.639222,45.849859,13.760517
17.618000,45.849859,14.893423
18.596778,45.849859,15.681076
19.575556,45.849859,15.968273
20.554333,45.849859,15.701901
21.533111,45.849859,14.959604
22.511889,45.849859,13.908418
23.490667,45.849859,12.729831
24.469444,45.849859,11.564738
25.448222,45.849859,10.497167
26.427000,45.849859,9.563714
27.405778,45.849859,8.770459
28.384556,45.849859,8.107371
29.363333,45.849859,7.557688
30.342111,45.849859,7.103123
31.320889,45.849859,6.726365
32.299667,45.849859,6.412074
33.278444,45.849859,6.147116
34.257222,45.849859,5.920477
35.236000,45.849859,5.723039
36.214778,45.849859,5.547347
37.193556,45.849859,5.387392
38.172333,45.849859,5.238414
39.151111,45.849859,5.096740
40.129889,45.849859,4.959632
41.108667,45.849859,4.825152
42.087444,45.849859,4.692032
43.066222,45.849859,4.559557
44.045000,45.849859,4.427444
45.023778,45.849859,4.295742
46.002556,45.849859,4.164733
46.981333,45.849859,4.034852
47.960111,45.849859,3.906618
48.938889,45.849859,3.780574
49.917667,45.849859,3.657253
50.896444,45.849859,3.537138
51.875222,45.849859,3.420653
52.854000,45.849859,3.308145
53.832778,45.849859,3.199882
54.811556,45.849859,3.096056
0.000000,47.487354,3.132856
0.978778,47.487354,3.311034
1.957556,47.487354,3.510777
2.936333,47.487354,3.736215
3.915111,47.487354,3.992467
4.893889,47.487354,4.285906
5.872667,47.487354,4.624491
6.851444,47.487354,5.018180
7.830222,47.487354,5.479421
8.809000,47.487354,6.023691
9.787778,47.487354,6.669981
10.766556,47.487354,7.440981
11.745333,47.487354,8.362428
12.724111,47.487354,9.460512
13.702889,47.487354,10.755374
14.681667,47.487354,12.247778
15.660444,47.487354,13.896235
16.639222,47.487354,15.586767
17.618000,47.487354,17.111888
18.596778,47.487354,18.194746
19.575556,47.487354,18.587219
20.554333,47.487354,18.201799
21.533111,47.487354,17.166158
22.511889,47.487354,15.744862
23.490667,47.487354,14.206401
24.469444,47.487354,12.739496
25.448222,47.487354,11.441122
26.427000,47.487354,10.341643
27.405778,47.487354,9.434259
28.384556,47.487354,8.695900
29.363333,47.487354,8.098943
30.342111,47.487354,7.616744
31.320889,47.487354,7.225761
32.299667,47.487354,6.906029
33.278444,47.487354,6.640954
34.257222,47.487354,6.416899
35.236000,47.487354,6.222747
36.214778,47.487354,6.049533
37.193556,47.487354,5.890135
38.172333,47.487354,5.739034
39.151111,47.487354,5.592108
40.129889,47.487354,5.446445
41.108667,47.487354,5.300167
42.087444,47.487354,5.152259
43.066222,47.487354,5.002399
44.045000,47.487354,4.850791
45.023778,47.487354,4.698018
46.002556,47.487354,4.544905
46.981333,47.487354,4.392401
47.960111,47.487354,4.241489
48.938889,47.487354,4.093115
49.917667,47.487354,3.948138
50.896444,47.487354,3.807302
51.875222,47.487354,3.671214
52.854000,47.487354,3.540347
53.832778,47.487354,3.415041
54.811556,47.487354,3.295516
55.790333,47.487354,3.181883
56.769111,47.487354,3.074160
0.000000,49.124848,3.139627
0.978778,49.124848,3.319994
1.957556,49.124848,3.522529
2.936333,49.124848,3.751504
3.915111,49.124848,4.012224
4.893889,49.124848,4.311304
5.872667,49.124848,4.657034
6.851444,49.124848,5.059832
7.830222,49.124848,5.532787
8.809000,49.124848,6.092287
9.787778,49.124848,6.758632
10.766556,49.124848,7.556388
11.745333,49.124848,8.513941
12.724111,49.124848,9.661095
13.702889,49.124848,11.022540
14.681667,49.124848,12.603793
15.660444,49.124848,14.366000
16.639222,49.124848,16.190915
17.618000,49.124848,17.853683
18.596778,49.124848,19.045648
19.575556,49.124848,19.484942
20.554333,49.124848,19.071311
21.533111,49.124848,17.951168
22.511889,49.124848,16.424400
23.490667,49.124848,14.789119
24.469444,49.124848,13.248579
25.448222,49.124848,11.902258
26.427000,49.124848,10.777166
27.405778,49.124848,9.861567
28.384556,49.124848,9.127759
29.363333,49.124848,8.544314
30.342111,49.124848,8.081562
31.320889,49.124848,7.713512
32.299667,49.124848,7.418141
33.278444,49.124848,7.177069
34.257222,49.124848,6.975086
35.236000,49.124848,6.799705
36.214778,49.124848,6.640824
37.193556,49.124848,6.490462
38.172333,49.124848,6.342553
39.151111,49.124848,6.192761
40.129889,49.124848,6.038290
41.108667,49.124848,5.877675
42.087444,49.124848,5.710553
43.066222,49.124848,5.537423
44.045000,49.124848,5.359408
45.023778,49.124848,5.178029
46.002556,49.124848,4.995011
46.981333,49.124848,4.812118
47.960111,49.124848,4.631039
48.938889,49.124848,4.453291
49.917667,49.124848,4.280180
50.896444,49.124848,4.112768
51.875222,49.124848,3.951874
52.854000,49.124848,3.798090
53.832778,49.124848,3.651798
54.811556,49.124848,3.513201
55.790333,49.124848,3.382351
56.769111,49.124848,3.259178
57.747889,49.124848,3.143515
58.726667,49.124848,3.035122
0.000000,50.762343,3.133873
0.978778,50.762343,3.312834
1.957556,50.762343,3.513556
2.936333,50.762343,3.740131
3.915111,50.762343,3.997602
4.893889,50.762343,4.292214
5.872667,50.762343,4.631720
6.851444,50.762343,5.025755
7.830222,50.762343,5.486272
8.809000,50.762343,6.028000
9.787778,50.762343,6.668813
10.766556,50.762343,7.429766
11.745333,50.762343,8.334254
12.724111,50.762343,9.405284
13.702889,50.762343,10.659072
14.681667,50.762343,12.092510
15.660444,50.762343,13.662540
16.639222,50.762343,15.260300
17.618000,50.762343,16.695353
18.596778,50.762343,17.720369
19.575556,50.762343,18.117753
20.554333,50.762343,17.811679
21.533111,50.762343,16.913741
22.511889,50.762343,15.657313
23.490667,50.762343,14.283948
24.469444,50.762343,12.968471
25.448222,50.762343,11.804833
26.427000,50.762343,10.825830
27.405778,50.762343,10.028537
28.384556,50.762343,9.393234
29.363333,50.762343,8.894462
30.342111,50.762343,8.506488
31.320889,50.762343,8.205573
32.299667,50.762343,7.970653
33.278444,50.762343,7.783381
34.257222,50.762343,7.627968
35.236000,50.762343,7.491032
36.214778,50.762343,7.361518
37.193556,50.762343,7.230665
38.172333,50.762343,7.091974
39.151111,50.762343,6.941133
40.129889,50.762343,6.775851
41.108667,50.762343,6.595618
42.087444,50.762343,6.401371
43.066222,50.762343,6.195131
44.045000,50.762343,5.979632
45.023778,50.762343,5.757968
46.002556,50.762343,5.533306
46.981333,50.762343,5.308663
47.960111,50.762343,5.086741
48.938889,50.762343,4.869843
49.917667,50.762343,4.659830
50.896444,50.762343,4.458125
51.875222,50.762343,4.265740
52.854000,50.762343,4.083327
53.832778,50.762343,3.911231
54.811556,50.762343,3.749547
55.790333,50.762343,3.598171
56.769111,50.762343,3.456851
57.747889,50.762343,3.325223
58.726667,50.762343,3.202850
59.705444,50.762343,3.089244
60.684222,50.762343,2.983890
0.000000,52.399838,3.115717
0.978778,52.399838,3.289901
1.957556,52.399838,3.484541
2.936333,52.399838,3.703278
3.915111,52.399838,3.950534
4.893889,52.399838,4.231684
5.872667,52.399838,4.553263
6.851444,52.399838,4.923191
7.830222,52.399838,5.350992
8.809000,52.399838,5.847953
9.787778,52.399838,6.427095
10.766556,52.399838,7.102715
11.745333,52.399838,7.889077
12.724111,52.399838,8.797528
13.702889,52.399838,9.831064
14.681667,52.399838,10.975373
15.660444,52.399838,12.186511
16.639222,52.399838,13.378896
17.618000,52.399838,14.423289
18.596778,52.399838,15.168356
19.575556,52.399838,15.490063
20.554333,52.399838,15.346999
21.533111,52.399838,14.801629
22.511889,52.399838,13.989488
23.490667,52.399838,13.061893
24.469444,52.399838,12.141169
25.448222,52.399838,11.304547
26.427000,52.399838,10.589080
27.405778,52.399838,10.004118
28.384556,52.399838,9.542940
29.363333,52.399838,9.190821
30.342111,52.399838,8.929758
31.320889,52.399838,8.740923
32.299667,52.399838,8.605827
33.278444,52.399838,8.506890
34.257222,52.399838,8.427812
35.236000,52.399838,8.353956
36.214778,52.399838,8.272775
37.193556,52.399838,8.174250
38.172333,52.399838,8.051230
39.151111,52.399838,7.899576
40.129889,52.399838,7.718054
41.108667,52.399838,7.507985
42.087444,52.399838,7.272711
43.066222,52.399838,7.016961
44.045000,52.399838,6.746221
45.023778,52.399838,6.466169
46.002556,52.399838,6.182231
46.981333,52.399838,5.899268
47.960111,52.399838,5.621397
48.938889,52.399838,5.351913
49.917667,52.399838,5.093303
50.896444,52.399838,4.847307
51.875222,52.399838,4.615021
52.854000,52.399838,4.397005
53.832778,52.399838,4.193395
54.811556,52.399838,4.004004
55.790333,52.399838,3.828409
56.769111,52.399838,3.666024
57.747889,52.399838,3.516160
58.726667,52.399838,3.378066
59.705444,52.399838,3.250967
60.684222,52.399838,3.134083
61.663000,52.399838,3.026650
62.641778,52.399838,2.927928
0.000000,54.037333,3.086658
0.978778,54.037333,3.253298
1.957556,54.037333,3.438435
2.936333,54.037333,3.645098
3.915111,54.037333,3.876881
4.893889,54.037333,4.138035
5.872667,54.037333,4.433565
6.851444,54.037333,4.769301
7.830222,54.037333,5.151921
8.809000,54.037333,5.588855
9.787778,54.037333,6.087968
10.766556,54.037333,6.656851
11.745333,54.037333,7.301448
12.724111,54.037333,8.023704
13.702889,54.037333,8.817914
14.681667,54.037333,9.665794
15.660444,54.037333,10.531191
16.639222,54.037333,11.356992
17.618000,54.037333,12.068524
18.596778,54.037333,12.587270
19.575556,54.037333,12.853648
20.554333,54.037333,12.849092
21.533111,54.037333,12.604004
22.511889,54.037333,12.186088
23.490667,54.037333,11.676946
24.469444,54.037333,11.150464
25.448222,54.037333,10.661123
26.427000,54.037333,10.242057
27.405778,54.037333,9.908628
28.384556,54.037333,9.663492
29.363333,54.037333,9.500981
30.342111,54.037333,9.410165
31.320889,54.037333,9.376745
32.299667,54.037333,9.384206
33.278444,54.037333,9.414657
34.257222,54.037333,9.449700
35.236000,54.037333,9.471495
36.214778,54.037333,9.464028
37.193556,54.037333,9.414414
38.172333,54.037333,9.313947
39.151111,54.037333,9.158670
40.129889,54.037333,8.949305
41.108667,54.037333,8.690606
42.087444,54.037333,8.390313
43.066222,54.037333,8.057952
44.045000,54.037333,7.703686
45.023778,54.037333,7.337375
46.002556,54.037333,6.967898
46.981333,54.037333,6.602753
47.960111,54.037333,6.247890
48.938889,54.037333,5.907729
49.917667,54.037333,5.585297
50.896444,54.037333,5.282437
51.875222,54.037333,5.000032
52.854000,54.037333,4.738229
53.832778,54.037333,4.496637
54.811556,54.037333,4.274494
55.790333,54.037333,4.070796
56.769111,54.037333,3.884404
57.747889,54.037333,3.714112
58.726667,54.037333,3.558707
59.705444,54.037333,3.417000
60.684222,54.037333,3.287849
61.663000,54.037333,3.170174
62.641778,54.037333,3.062962
63.620556,54.037333,2.965269
64.599333,54.037333,2.876218
0.000000,55.674828,3.049198
0.978778,55.674828,3.206349
1.957556,55.674828,3.379687
2.936333,55.674828,3.571584
3.915111,55.674828,3.784774
4.893889,55.674828,4.022376
5.872667,55.674828,4.287911
6.851444,55.674828,4.585265
7.830222,55.674828,4.918599
8.809000,55.674828,5.292132
9.787778,55.674828,5.709749
10.766556,55.674828,6.174328
11.745333,55.674828,6.686696
12.724111,55.674828,7.244120
13.702889,55.674828,7.838372
14.681667,55.674828,8.453637
15.660444,55.674828,9.064992
16.639222,55.674828,9.638644
17.618000,55.674828,10.135341
18.596778,55.674828,10.517524
19.575556,55.674828,10.758829
20.554333,55.674828,10.852273
21.533111,55.674828,10.813052
22.511889,55.674828,10.674392
23.490667,55.674828,10.478682
24.469444,55.674828,10.268102
25.448222,55.674828,10.078004
26.427000,55.674828,9.933968
27.405778,55.674828,9.851657
28.384556,55.674828,9.838032
29.363333,55.674828,9.892828
30.342111,55.674828,10.009692
31.320889,55.674828,10.176878
32.299667,55.674828,10.377713
33.278444,55.674828,10.591180
34.257222,55.674828,10.793051
35.236000,55.674828,10.957829
36.214778,55.674828,11.061479
37.193556,55.674828,11.084474
38.172333,55.674828,11.014400
39.151111,55.674828,10.847356
40.129889,55.674828,10.587809
41.108667,55.674828,10.247101
42.087444,55.674828,9.841150
43.066222,55.674828,9.388022
44.045000,55.674828,8.905799
45.023778,55.674828,8.411007
46.002556,55.674828,7.917647
46.981333,55.674828,7.436763
47.960111,55.674828,6.976437
48.938889,55.674828,6.542067
49.917667,55.674828,6.136796
50.896444,55.674828,5.761997
51.875222,55.674828,5.417725
52.854000,55.674828,5.103122
53.832778,55.674828,4.816738
54.811556,55.674828,4.556776
55.790333,55.674828,4.321274
56.769111,55.674828,4.108229
57.747889,55.674828,3.915680
58.726667,55.674828,3.741757
59.705444,55.674828,3.584712
60.684222,55.674828,3.442929
61.663000,55.674828,3.314928
62.641778,55.674828,3.199359
63.620556,55.674828,3.094993
64.599333,55.674828,3.000714
65.578111,55.674828,2.915503
66.556889,55.674828,2.838430
0.000000,57.312323,3.006377
0.978778,57.312323,3.152960
1.957556,57.312323,3.313347
2.936333,57.312323,3.489308
3.915111,57.312323,3.682810
4.893889,57.312323,3.896008
5.872667,57.312323,4.131204
6.851444,57.312323,4.390780
7.830222,57.312323,4.677062
8.809000,57.312323,4.992106
9.787778,57.312323,5.337362
10.766556,57.312323,5.713200
11.745333,57.312323,6.118265
12.724111,57.312323,6.548697
13.702889,57.312323,6.997300
14.681667,57.312323,7.452903
15.660444,57.312323,7.900247
16.639222,57.312323,8.320874
17.618000,57.312323,8.695325
18.596778,57.312323,9.006560
19.575556,57.312323,9.243866
20.554333,57.312323,9.405938
21.533111,57.312323,9.501908
22.511889,57.312323,9.549872
23.490667,57.312323,9.573528
24.469444,57.312323,9.598236
25.448222,57.312323,9.647661
26.427000,57.312323,9.741582
27.405778,57.312323,9.894772
28.384556,57.312323,10.116516
29.363333,57.312323,10.410251
30.342111,57.312323,10.772963
31.320889,57.312323,11.194242
32.299667,57.312323,11.655206
33.278444,57.312323,12.127898
34.257222,57.312323,12.576046
35.236000,57.312323,12.958075
36.214778,57.312323,13.232610
37.193556,57.312323,13.365463
38.172333,57.312323,13.335927
39.151111,57.312323,13.140072
40.129889,57.312323,12.790042
41.108667,57.312323,12.310171
42.087444,57.312323,11.731719
43.066222,57.312323,11.087882
44.045000,57.312323,10.409938
45.023778,57.312323,9.724755
46.002556,57.312323,9.053567
46.981333,57.312323,8.411755
47.960111,57.312323,7.809348
48.938889,57.312323,7.251924
49.917667,57.312323,6.741638
50.896444,57.312323,6.278210
51.875222,57.312323,5.859757
52.854000,57.312323,5.483443
53.832778,57.312323,5.145949
54.811556,57.312323,4.843799
55.790333,57.312323,4.573571
56.769111,57.312323,4.332015
57.747889,57.312323,4.116126
58.726667,57.312323,3.923169
59.705444,57.312323,3.750682
60.684222,57.312323,3.596462
61.663000,57.312323,3.458550
62.641778,57.312323,3.335203
63.620556,57.312323,3.224870
64.599333,57.312323,3.126167
65.578111,57.312323,3.037854
66.556889,57.312323,2.958815
67.535667,57.312323,2.888035
68.514444,57.312323,2.824585
0.000000,58.949818,2.961351
0.978778,58.949818,3.097052
1.957556,58.949818,3.244311
2.936333,58.949818,3.404401
3.915111,58.949818,3.578684
4.893889,58.949818,3.768582
5.872667,58.949818,3.975531
6.851444,58.949818,4.200898
7.830222,58.949818,4.445869
8.809000,58.949818,4.711282
9.787778,58.949818,4.997402
10.766556,58.949818,5.303641
11.745333,58.949818,5.628232
12.724111,58.949818,5.967888
13.702889,58.949818,6.317548
14.681667,58.949818,6.670296
15.660444,58.949818,7.017632
16.639222,58.949818,7.350208
17.618000,58.949818,7.659081
18.596778,58.949818,7.937345
19.575556,58.949818,8.181813
20.554333,58.949818,8.394283
21.533111,58.949818,8.582000
22.511889,58.949818,8.757172
23.490667,58.949818,8.935719
24.469444,58.949818,9.135654
25.448222,58.949818,9.375505
26.427000,58.949818,9.672992
27.405778,58.949818,10.043967
28.384556,58.949818,10.501352
29.363333,58.949818,11.053751
30.342111,58.949818,11.703343
31.320889,58.949818,12.442796
32.299667,58.949818,13.251377
33.278444,58.949818,14.091182
34.257222,58.949818,14.905558
35.236000,58.949818,15.622595
36.214778,58.949818,16.165672
37.193556,58.949818,16.469546
38.172333,58.949818,16.495943
39.151111,58.949818,16.241329
40.129889,58.949818,15.733950
41.108667,58.949818,15.023508
42.087444,58.949818,14.169266
43.066222,58.949818,13.230373
44.045000,58.949818,12.259376
45.023778,58.949818,11.298573
46.002556,58.949818,10.378753
46.981333,58.949818,9.519763
47.960111,58.949818,8.732265
48.938889,58.949818,8.019969
49.917667,58.949818,7.381817
50.896444,58.949818,6.813804
51.875222,58.949818,6.310347
52.854000,58.949818,5.865223
53.832778,58.949818,5.472174
54.811556,58.949818,5.125246
55.790333,58.949818,4.818979
56.769111,58.949818,4.548469
57.747889,58.949818,4.309381
58.726667,58.949818,4.097918
59.705444,58.949818,3.910770
60.684222,58.949818,3.745062
61.663000,58.949818,3.598299
62.641778,58.949818,3.468309
63.620556,58.949818,3.353200
64.599333,58.949818,3.251312
65.578111,58.949818,3.161181
66.556889,58.949818,3.081504
67.535667,58.949818,3.011107
68.514444,58.949818,2.948925
69.493222,58.949818,2.893975
70.472000,58.949818,2.845337
0.000000,60.587313,2.917086
0.978778,60.587313,3.042177
1.957556,60.587313,3.176832
2.936333,60.587313,3.321954
3.915111,60.587313,3.478468
4.893889,60.587313,3.647300
5.872667,60.587313,3.829328
6.851444,60.587313,4.025319
7.830222,60.587313,4.235852
8.809000,60.587313,4.461209
9.787778,60.587313,4.701247
10.766556,60.587313,4.955263
11.745333,60.587313,5.221851
12.724111,60.587313,5.498808
13.702889,60.587313,5.783100
14.681667,60.587313,6.070973
15.660444,60.587313,6.358243
16.639222,60.587313,6.640803
17.618000,60.587313,6.915330
18.596778,60.587313,7.180117
19.575556,60.587313,7.435884
20.554333,60.587313,7.686404
21.533111,60.587313,7.938813
22.511889,60.587313,8.203570
23.490667,60.587313,8.494099
24.469444,60.587313,8.826272
25.448222,60.587313,9.217844
26.427000,60.587313,9.687892
27.405778,60.587313,10.256198
28.384556,60.587313,10.942302
29.363333,60.587313,11.763778
30.342111,60.587313,12.733050
31.320889,60.587313,13.851943
32.299667,60.587313,15.103432
33.278444,60.587313,16.441331
34.257222,60.587313,17.781527
35.236000,60.587313,19.002221
36.214778,60.587313,19.961560
37.193556,60.587313,20.533052
38.172333,60.587313,20.643517
39.151111,60.587313,20.291082
40.129889,60.587313,19.534926
41.108667,60.587313,18.469636
42.087444,60.587313,17.201082
43.066222,60.587313,15.830075
44.045000,60.587313,14.442188
45.023778,60.587313,13.102134
46.002556,60.587313,11.852529
46.981333,60.587313,10.716377
47.960111,60.587313,9.701661
48.938889,60.587313,8.806295
49.917667,60.587313,8.022321
50.896444,60.587313,7.338963
51.875222,60.587313,6.744612
52.854000,60.587313,6.227983
53.832778,60.587313,5.778704
54.811556,60.587313,5.387559
55.790333,60.587313,5.046533
56.769111,60.587313,4.748736
57.747889,60.587313,4.488300
58.726667,60.587313,4.260241
59.705444,60.587313,4.060337
60.684222,60.587313,3.885006
61.663000,60.587313,3.731207
62.641778,60.587313,3.596344
63.620556,60.587313,3.478194
64.599333,60.587313,3.374838
65.578111,60.587313,3.284606
66.556889,60.587313,3.206027
67.535667,60.587313,3.137789
68.514444,60.587313,3.078704
69.493222,60.587313,3.027677
70.472000,60.587313,2.983679
71.450778,60.587313,2.945727
72.429556,60.587313,2.912869
0.000000,62.224808,2.876196
0.978778,62.224808,2.991326
1.957556,62.224808,3.114328
2.936333,62.224808,3.245840
3.915111,62.224808,3.386502
4.893889,62.224808,3.536928
5.872667,62.224808,3.697677
6.851444,62.224808,3.869209
7.830222,62.224808,4.051837
8.809000,62.224808,4.245672
9.787778,62.224808,4.450562
10.766556,62.224808,4.666037
11.745333,62.224808,4.891279
12.724111,62.224808,5.125116
13.702889,62.224808,5.366085
14.681667,62.224808,5.612574
15.660444,62.224808,5.863057
16.639222,62.224808,6.116436
17.618000,62.224808,6.372474
18.596778,62.224808,6.632266
19.575556,62.224808,6.898719
20.554333,62.224808,7.176956
21.533111,62.224808,7.474619
22.511889,62.224808,7.802068
23.490667,62.224808,8.172492
24.469444,62.224808,8.601994
25.448222,62.224808,9.109700
26.427000,62.224808,9.717879
27.405778,62.224808,10.451986
28.384556,62.224808,11.340329
29.363333,62.224808,12.412759
30.342111,62.224808,13.697316
31.320889,62.224808,15.213116
32.299667,62.224808,16.957404
33.278444,62.224808,18.885741
34.257222,62.224808,20.889163
35.236000,62.224808,22.782294
36.214778,62.224808,24.325354
37.193556,62.224808,25.291121
38.172333,62.224808,25.546160
39.151111,62.224808,25.087922
40.129889,62.224808,24.018022
41.108667,62.224808,22.491122
42.087444,62.224808,20.677490
43.066222,62.224808,18.739936
44.045000,62.224808,16.815192
45.023778,62.224808,15.001124
46.002556,62.224808,13.354534
46.981333,62.224808,11.898203
47.960111,62.224808,10.631715
48.938889,62.224808,9.541470
49.917667,62.224808,8.607976
50.896444,62.224808,7.810354
51.875222,62.224808,7.128755
52.854000,62.224808,6.545441
53.832778,62.224808,6.045114
54.811556,62.224808,5.614843
55.790333,62.224808,5.243827
56.769111,62.224808,4.923102
57.747889,62.224808,4.645247
58.726667,62.224808,4.404118
59.705444,62.224808,4.194624
60.684222,62.224808,4.012534
61.663000,62.224808,3.854314
62.641778,62.224808,3.717002
63.620556,62.224808,3.598099
64.599333,62.224808,3.495474
65.578111,62.224808,3.407298
66.556889,62.224808,3.331975
67.535667,62.224808,3.268092
68.514444,62.224808,3.214372
69.493222,62.224808,3.169635
70.472000,62.224808,3.132764
71.450778,62.224808,3.102675
72.429556,62.224808,3.078292
73.408333,62.224808,3.058532
74.387111,62.224808,3.042289
0.000000,63.862303,2.840906
0.978778,63.862303,2.946930
1.957556,63.862303,3.059416
2.936333,63.862303,3.178832
3.915111,63.862303,3.305641
4.893889,63.862303,3.440280
5.872667,63.862303,3.583147
6.851444,63.862303,3.734571
7.830222,63.862303,3.894794
8.809000,63.862303,4.063944
9.787778,63.862303,4.242018
10.766556,63.862303,4.428871
11.745333,63.862303,4.624235
12.724111,63.862303,4.827751
13.702889,63.862303,5.039059
14.681667,63.862303,5.257920
15.660444,63.862303,5.484411
16.639222,63.862303,5.719156
17.618000,63.862303,5.963626
18.596778,63.862303,6.220448
19.575556,63.862303,6.493751
20.554333,63.862303,6.789493
21.533111,63.862303,7.115794
22.511889,63.862303,7.483264
23.490667,63.862303,7.905377
24.469444,63.862303,8.398899
25.448222,63.862303,8.984437
26.427000,63.862303,9.687077
27.405778,63.862303,10.537039
28.384556,63.862303,11.570080
29.363333,63.862303,12.826985
30.342111,63.862303,14.350840
31.320889,63.862303,16.179676
32.299667,63.862303,18.330811
33.278444,63.862303,20.773272
34.257222,63.862303,23.390157
35.236000,63.862303,25.949002
36.214778,63.862303,28.119525
37.193556,63.862303,29.568168
38.172333,63.862303,30.085520
39.151111,63.862303,29.643514
40.129889,63.862303,28.353879
41.108667,63.862303,26.407067
42.087444,63.862303,24.039461
43.066222,63.862303,21.500292
44.045000,63.862303,19.004411
45.023778,63.862303,16.697750
46.002556,63.862303,14.653431
46.981333,63.862303,12.889409
47.960111,63.862303,11.390916
48.938889,63.862303,10.128119
49.917667,63.862303,9.067033
50.896444,63.862303,8.175145
51.875222,63.862303,7.423775
52.854000,63.862303,6.788678
53.832778,63.862303,6.249827
54.811556,63.862303,5.790881
55.790333,63.862303,5.398583
56.769111,63.862303,5.062194
57.747889,63.862303,4.773010
58.726667,63.862303,4.523959
59.705444,63.862303,4.309274
60.684222,63.862303,4.124233
61.663000,63.862303,3.964950
62.641778,63.862303,3.828212
63.620556,63.862303,3.711338
64.599333,63.862303,3.612078
65.578111,63.862303,3.528517
66.556889,63.862303,3.459005
67.535667,63.862303,3.402088
68.514444,63.862303,3.356458
69.493222,63.862303,3.320898
70.472000,63.862303,3.294241
71.450778,63.862303,3.275331
72.429556,63.862303,3.262983
73.408333,63.862303,3.255963
74.387111,63.862303,3.252959
75.365889,63.862303,3.252576
76.344667,63.862303,3.253339
0.000000,65.499798,2.813121
0.978778,65.499798,2.910957
1.957556,65.499798,3.014088
2.936333,65.499798,3.122875
3.915111,65.499798,3.237678
4.893889,65.499798,3.358846
5.872667,65.499798,3.486707
6.851444,65.499798,3.621558
7.830222,65.499798,3.763660
8.809000,65.499798,3.913229
9.787778,65.499798,4.070443
10.766556,65.499798,4.235456
11.745333,65.499798,4.408427
12.724111,65.499798,4.589573
13.702889,65.499798,4.779251
14.681667,65.499798,4.978063
15.660444,65.499798,5.187008
16.639222,65.499798,5.407660
17.618000,65.499798,5.642377
18.596778,65.499798,5.894549
19.575556,65.499798,6.168862
20.554333,65.499798,6.471595
21.533111,65.499798,6.810950
22.511889,65.499798,7.197435
23.490667,65.499798,7.644330
24.469444,65.499798,8.168252
25.448222,65.499798,8.789869
26.427000,65.499798,9.534736
27.405778,65.499798,10.434184
28.384556,65.499798,11.526006
29.363333,65.499798,12.854306
30.342111,65.499798,14.467196
31.320889,65.499798,16.409856
32.299667,65.499798,18.709024
33.278444,65.499798,21.344736
34.257222,65.499798,24.210259
35.236000,65.499798,27.077701
36.214778,65.499798,29.609449
37.193556,65.499798,31.446520
38.172333,65.499798,32.329941
39.151111,65.499798,32.156125
40.129889,65.499798,30.955552
41.108667,65.499798,28.880126
42.087444,65.499798,26.204724
43.066222,65.499798,23.270661
44.045000,65.499798,20.382517
45.023778,65.499798,17.739194
46.002556,65.499798,15.430207
46.981333,65.499798,13.468519
47.960111,65.499798,11.826478
48.938889,65.499798,10.460831
49.917667,65.499798,9.326418
50.896444,65.499798,8.382281
51.875222,65.499798,7.593653
52.854000,65.499798,6.931998
53.832778,65.499798,6.374298
54.811556,65.499798,5.902130
55.790333,65.499798,5.500786
56.769111,65.499798,5.158516
57.747889,65.499798,4.865912
58.726667,65.499798,4.615410
59.705444,65.499798,4.400908
60.684222,65.499798,4.217458
61.663000,65.499798,4.061031
62.641778,65.499798,3.928329
63.620556,65.499798,3.816636
64.599333,65.499798,3.723699
65.578111,65.499798,3.647626
66.556889,65.499798,3.586808
67.535667,65.499798,3.539842
68.514444,65.499798,3.505468
69.493222,65.499798,3.482512
70.472000,65.499798,3.469827
71.450778,65.499798,3.466237
72.429556,65.499798,3.470492
73.408333,65.499798,3.481216
74.387111,65.499798,3.496875
75.365889,65.499798,3.515745
76.344667,65.499798,3.535912
77.323444,65.499798,3.555288
78.302222,65.499798,3.571659
0.000000,67.137293,2.794546
0.978778,67.137293,2.885089
1.957556,67.137293,2.979943
2.936333,67.137293,3.079406
3.915111,67.137293,3.183783
4.893889,67.137293,3.293382
5.872667,67.137293,3.408514
6.851444,67.137293,3.529487
7.830222,67.137293,3.656612
8.809000,67.137293,3.790204
9.787778,67.137293,3.930602
10.766556,67.137293,4.078185
11.745333,67.137293,4.233409
12.724111,67.137293,4.396862
13.702889,67.137293,4.569327
14.681667,67.137293,4.751879
15.660444,67.137293,4.945998
16.639222,67.137293,5.153702
17.618000,67.137293,5.377720
18.596778,67.137293,5.621672
19.575556,67.137293,5.890294
20.554333,67.137293,6.189685
21.533111,67.137293,6.527603
22.511889,67.137293,6.913819
23.490667,67.137293,7.360538
24.469444,67.137293,7.882925
25.448222,67.137293,8.499710
26.427000,67.137293,9.233879
27.405778,67.137293,10.113317
28.384556,67.137293,11.171151
29.363333,67.137293,12.445218
30.342111,67.137293,13.975526
31.320889,67.137293,15.797803
32.299667,67.137293,17.930444
33.278444,67.137293,20.352675
34.257222,67.137293,22.976209
35.236000,67.137293,25.623420
36.214778,67.137293,28.035950
37.193556,67.137293,29.926539
38.172333,67.137293,31.045241
39.151111,67.137293,31.216162
40.129889,67.137293,30.360918
41.108667,67.137293,28.551277
42.087444,67.137293,26.040724
43.066222,67.137293,23.192180
44.045000,67.137293,20.343062
45.023778,67.137293,17.717025
46.002556,67.137293,15.417016
46.981333,67.137293,13.461790
47.960111,67.137293,11.825697
48.938889,67.137293,10.465976
49.917667,67.137293,9.337478
50.896444,67.137293,8.399165
51.875222,67.137293,7.616214
52.854000,67.137293,6.960080
53.832778,67.137293,6.407771
54.811556,67.137293,5.940912
55.790333,67.137293,5.544864
56.769111,67.137293,5.207951
57.747889,67.137293,4.920847
58.726667,67.137293,4.676079
59.705444,67.137293,4.467638
60.684222,67.137293,4.290681
61.663000,67.137293,4.141290
62.641778,67.137293,4.016289
63.620556,67.137293,3.913092
64.599333,67.137293,3.829590
65.578111,67.137293,3.764046
66.556889,67.137293,3.715012
67.535667,67.137293,3.681254
68.514444,67.137293,3.661680
69.493222,67.137293,3.655274
70.472000,67.137293,3.661018
71.450778,67.137293,3.677828
72.429556,67.137293,3.704471
73.408333,67.137293,3.739493
74.387111,67.137293,3.781147
75.365889,67.137293,3.827328
76.344667,67.137293,3.875548
77.323444,67.137293,3.922929
78.302222,67.137293,3.966267
79.281000,67.137293,4.002154
80.259778,67.137293,4.027165
0.000000,68.774788,2.786844
0.978778,68.774788,2.870915
1.957556,68.774788,2.958436
2.936333,68.774788,3.049669
3.915111,68.774788,3.144889
4.893889,68.774788,3.244394
5.872667,68.774788,3.348496
6.851444,68.774788,3.457533
7.830222,68.774788,3.571867
8.809000,68.774788,3.691898
9.787778,68.774788,3.818080
10.766556,68.774788,3.950946
11.745333,68.774788,4.091135
12.724111,68.774788,4.239442
13.702889,68.774788,4.396876
14.681667,68.774788,4.564727
15.660444,68.774788,4.744656
16.639222,68.774788,4.938805
17.618000,68.774788,5.149916
18.596778,68.774788,5.381476
19.575556,68.774788,5.637886
20.554333,68.774788,5.924656
21.533111,68.774788,6.248630
22.511889,68.774788,6.618252
23.490667,68.774788,7.043876
24.469444,68.774788,7.538114
25.448222,68.774788,8.116207
26.427000,68.774788,8.796363
27.405778,68.774788,9.599940
28.384556,68.774788,10.551214
29.363333,68.774788,11.676291
30.342111,68.774788,13.000396
31.320889,68.774788,14.542488
32.299667,68.774788,16.306079
33.278444,68.774788,18.266080
34.257222,68.774788,20.354203
35.236000,68.774788,22.449741
36.214778,68.774788,24.384379
37.193556,68.774788,25.962715
38.172333,68.774788,26.988521
39.151111,68.774788,27.291123
40.129889,68.774788,26.767188
41.108667,68.774788,25.440876
42.087444,68.774788,23.491106
43.066222,68.774788,21.196395
44.045000,68.774788,18.831907
45.023778,68.774788,16.595533
46.002556,68.774788,14.592615
46.981333,68.774788,12.857450
47.960111,68.774788,11.382457
48.938889,68.774788,10.140632
49.917667,68.774788,9.099022
50.896444,68.774788,8.225504
51.875222,68.774788,7.491605
52.854000,68.774788,6.873256
53.832778,68.774788,6.350625
54.811556,68.774788,5.907585
55.790333,68.774788,5.531109
56.769111,68.774788,5.210705
57.747889,68.774788,4.937927
58.726667,68.774788,4.705973
59.705444,68.774788,4.509366
60.684222,68.774788,4.343695
61.663000,68.774788,4.205411
62.641778,68.774788,4.091669
63.620556,68.774788,4.000190
64.599333,68.774788,3.929163
65.578111,68.774788,3.877150
66.556889,68.774788,3.843010
67.535667,68.774788,3.825824
68.514444,68.774788,3.824824
69.493222,68.774788,3.839317
70.472000,68.774788,3.868597
71.450778,68.774788,3.911851
72.429556,68.774788,3.968046
73.408333,68.774788,4.035803
74.387111,68.774788,4.113263
75.365889,68.774788,4.197954
76.344667,68.774788,4.286685
77.323444,68.774788,4.375486
78.302222,68.774788,4.459642
79.281000,68.774788,4.533856
80.259778,68.774788,4.592560
81.238556,68.774788,4.630369
82.217333,68.774788,4.642634
0.000000,70.412283,2.791808
0.978778,70.412283,2.870134
1.957556,70.412283,2.951115
2.936333,70.412283,3.034988
3.915111,70.412283,3.122019
4.893889,70.412283,3.212503
5.872667,70.412283,3.306768
6.851444,70.412283,3.405177
7.830222,70.412283,3.508139
8.809000,70.412283,3.616115
9.787778,70.412283,3.729636
10.766556,70.412283,3.849321
11.745333,70.412283,3.975909
12.724111,70.412283,4.110289
13.702889,70.412283,4.253546
14.681667,70.412283,4.407018
15.660444,70.412283,4.572361
16.639222,70.412283,4.751622
17.618000,70.412283,4.947333
18.596778,70.412283,5.162613
19.575556,70.412283,5.401282
20.554333,70.412283,5.667997
21.533111,70.412283,5.968397
22.511889,70.412283,6.309266
23.490667,70.412283,6.698700
24.469444,70.412283,7.146271
25.448222,70.412283,7.663146
26.427000,70.412283,8.262105
27.405778,70.412283,8.957341
28.384556,70.412283,9.763859
29.363333,70.412283,10.696194
30.342111,70.412283,11.766062
31.320889,70.412283,12.978545
32.299667,70.412283,14.326629
33.278444,70.412283,15.784516
34.257222,70.412283,17.301301
35.236000,70.412283,18.797649
36.214778,70.412283,20.167899
37.193556,70.412283,21.288015
38.172333,70.412283,22.028537
39.151111,70.412283,22.274689
40.129889,70.412283,21.957497
41.108667,70.412283,21.087987
42.087444,70.412283,19.768884
43.066222,70.412283,18.165880
44.045000,70.412283,16.454283
45.023778,70.412283,14.774913
46.002556,70.412283,13.217169
46.981333,70.412283,11.824187
47.960111,70.412283,10.606882
48.938889,70.412283,9.557598
49.917667,70.412283,8.659929
50.896444,70.412283,7.894677
51.875222,70.412283,7.243007
52.854000,70.412283,6.687888
53.832778,70.412283,6.214581
54.811556,70.412283,5.810646
55.790333,70.412283,5.465743
56.769111,70.412283,5.171353
57.747889,70.412283,4.920505
58.726667,70.412283,4.707518
59.705444,70.412283,4.527787
60.684222,70.412283,4.377604
61.663000,70.412283,4.254006
62.641778,70.412283,4.154653
63.620556,70.412283,4.077735
64.599333,70.412283,4.021886
65.578111,70.412283,3.986113
66.556889,70.412283,3.969737
67.535667,70.412283,3.972327
68.514444,70.412283,3.993636
69.493222,70.412283,4.033524
70.472000,70.412283,4.091862
71.450778,70.412283,4.168411
72.429556,70.412283,4.262665
73.408333,70.412283,4.373656
74.387111,70.412283,4.499712
75.365889,70.412283,4.638191
76.344667,70.412283,4.785203
77.323444,70.412283,4.935386
78.302222,70.412283,5.081812
79.281000,70.412283,5.216117
80.259778,70.412283,5.328969
81.238556,70.412283,5.410891
82.217333,70.412283,5.453398
83.196111,70.412283,5.450221
84.174889,70.412283,5.398339
0.000000,72.049778,2.811553
0.978778,72.049778,2.884767
1.957556,72.049778,2.959849
2.936333,72.049778,3.037022
3.915111,72.049778,3.116549
4.893889,72.049778,3.198729
5.872667,72.049778,3.283909
6.851444,72.049778,3.372479
7.830222,72.049778,3.464883
8.809000,72.049778,3.561626
9.787778,72.049778,3.663284
10.766556,72.049778,3.770523
11.745333,72.049778,3.884116
12.724111,72.049778,4.004970
13.702889,72.049778,4.134161
14.681667,72.049778,4.272969
15.660444,72.049778,4.422924
16.639222,72.049778,4.585862
17.618000,72.049778,4.763981
18.596778,72.049778,4.959907
19.575556,72.049778,5.176767
20.554333,72.049778,5.418265
21.533111,72.049778,5.688756
22.511889,72.049778,5.993319
23.490667,72.049778,6.337812
24.469444,72.049778,6.728885
25.448222,72.049778,7.173937
26.427000,72.049778,7.680937
27.405778,72.049778,8.258064
28.384556,72.049778,8.913027
29.363333,72.049778,9.651955
30.342111,72.049778,10.477707
31.320889,72.049778,11.387529
32.299667,72.049778,12.370148
33.278444,72.049778,13.402697
34.257222,72.049778,14.448217
35.236000,72.049778,15.454741
36.214778,72.049778,16.356821
37.193556,72.049778,17.080102
38.172333,72.049778,17.549528
39.151111,72.049778,17.701988
40.129889,72.049778,17.502534
41.108667,72.049778,16.958701
42.087444,72.049778,16.123828
43.066222,72.049778,15.084559
44.045000,72.049778,13.938104
45.023778,72.049778,12.770889
46.002556,72.049778,11.646680
46.981333,72.049778,10.604750
47.960111,72.049778,9.664130
48.938889,72.049778,8.829762
49.917667,72.049778,8.098058
50.896444,72.049778,7.460999
51.875222,72.049778,6.908796
52.854000,72.049778,6.431442
53.832778,72.049778,6.019543
54.811556,72.049778,5.664684
55.790333,72.049778,5.359553
56.769111,72.049778,5.097920
57.747889,72.049778,4.874557
58.726667,72.049778,4.685131
59.705444,72.049778,4.526105
60.684222,72.049778,4.394629
61.663000,72.049778,4.288466
62.641778,72.049778,4.205913
63.620556,72.049778,4.145742
64.599333,72.049778,4.107156
65.578111,72.049778,4.089741
66.556889,72.049778,4.093430
67.535667,72.049778,4.118465
68.514444,72.049778,4.165351
69.493222,72.049778,4.234790
70.472000,72.049778,4.327595
71.450778,72.049778,4.444555
72.429556,72.049778,4.586237
73.408333,72.049778,4.752711
74.387111,72.049778,4.943160
75.365889,72.049778,5.155386
76.344667,72.049778,5.385211
77.323444,72.049778,5.625851
78.302222,72.049778,5.867415
79.281000,72.049778,6.096755
80.259778,72.049778,6.297980
81.238556,72.049778,6.453872
82.217333,72.049778,6.548209
83.196111,72.049778,6.568594
84.174889,72.049778,6.508989
85.153667,72.049778,6.371040
86.132444,72.049778,6.163679
0.000000,73.687273,2.848735
0.978778,73.687273,2.917385
1.957556,73.687273,2.987070
2.936333,73.687273,3.058003
3.915111,73.687273,3.130448
4.893889,73.687273,3.204718
5.872667,73.687273,3.281181
6.851444,73.687273,3.360257
7.830222,73.687273,3.442424
8.809000,73.687273,3.528221
9.787778,73.687273,3.618255
10.766556,73.687273,3.713212
11.745333,73.687273,3.813867
12.724111,73.687273,3.921105
13.702889,73.687273,4.035941
14.681667,73.687273,4.159543
15.660444,73.687273,4.293261
16.639222,73.687273,4.438665
17.618000,73.687273,4.597573
18.596778,73.687273,4.772090
19.575556,73.687273,4.964646
20.554333,73.687273,5.178026
21.533111,73.687273,5.415396
22.511889,73.687273,5.680309
23.490667,73.687273,5.976690
24.469444,73.687273,6.308772
25.448222,73.687273,6.680968
26.427000,73.687273,7.097641
27.405778,73.687273,7.562732
28.384556,73.687273,8.079198
29.363333,73.687273,8.648209
30.342111,73.687273,9.268085
31.320889,73.687273,9.932997
32.299667,73.687273,10.631557
33.278444,73.687273,11.345524
34.257222,73.687273,12.049009
35.236000,73.687273,12.708580
36.214778,73.687273,13.284702
37.193556,73.687273,13.734838
38.172333,73.687273,14.018425
39.151111,73.687273,14.103562
40.129889,73.687273,13.974244
41.108667,73.687273,13.635701
42.087444,73.687273,13.115038
43.066222,73.687273,12.456043
44.045000,73.687273,11.710009
45.023778,73.687273,10.926284
46.002556,73.687273,10.145651
46.981333,73.687273,9.397571
47.960111,73.687273,8.700543
48.938889,73.687273,8.064134
49.917667,73.687273,7.491481
50.896444,73.687273,6.981559
51.875222,73.687273,6.530929
52.854000,73.687273,6.134967
53.832778,73.687273,5.788660
54.811556,73.687273,5.487086
55.790333,73.687273,5.225684
56.769111,73.687273,5.000382
57.747889,73.687273,4.807655
58.726667,73.687273,4.644525
59.705444,73.687273,4.508545
60.684222,73.687273,4.397774
61.663000,73.687273,4.310750
62.641778,73.687273,4.246463
63.620556,73.687273,4.204336
64.599333,73.687273,4.184218
65.578111,73.687273,4.186371
66.556889,73.687273,4.211470
67.535667,73.687273,4.260601
68.514444,73.687273,4.335253
69.493222,73.687273,4.437293
70.472000,73.687273,4.568914
71.450778,73.687273,4.732527
72.429556,73.687273,4.930562
73.408333,73.687273,5.165138
74.387111,73.687273,5.437523
75.365889,73.687273,5.747336
76.344667,73.687273,6.091425
77.323444,73.687273,6.462450
78.302222,73.687273,6.847364
79.281000,73.687273,7.226242
80.259778,73.687273,7.572237
81.238556,73.687273,7.853599
82.217333,73.687273,8.038294
83.196111,73.687273,8.100630
84.174889,73.687273,8.027797
85.153667,73.687273,7.823478
86.132444,73.687273,7.506750
87.111222,73.687273,7.106834
88.090000,73.687273,6.656170
0.000000,75.324768,2.906807
0.978778,75.324768,2.971378
1.957556,75.324768,3.036039
2.936333,75.324768,3.100998
3.915111,75.324768,3.166528
4.893889,75.324768,3.232967
5.872667,75.324768,3.300715
6.851444,75.324768,3.370234
7.830222,75.324768,3.442044
8.809000,75.324768,3.516723
9.787778,75.324768,3.594910
10.766556,75.324768,3.677306
11.745333,75.324768,3.764681
12.724111,75.324768,3.857882
13.702889,75.324768,3.957848
14.681667,75.324768,4.065617
15.660444,75.324768,4.182348
16.639222,75.324768,4.309339
17.618000,75.324768,4.448039
18.596778,75.324768,4.600068
19.575556,75.324768,4.767227
20.554333,75.324768,4.951504
21.533111,75.324768,5.155067
22.511889,75.324768,5.380236
23.490667,75.324768,5.629436
24.469444,75.324768,5.905104
25.448222,75.324768,6.209550
26.427000,75.324768,6.544744
27.405778,75.324768,6.912022
28.384556,75.324768,7.311681
29.363333,75.324768,7.742472
30.342111,75.324768,8.200995
31.320889,75.324768,8.681038
32.299667,75.324768,9.172962
33.278444,75.324768,9.663249
34.257222,75.324768,10.134406
35.236000,75.324768,10.565408
36.214778,75.324768,10.932850
37.193556,75.324768,11.212926
38.172333,75.324768,11.384174
39.151111,75.324768,11.430725
40.129889,75.324768,11.345366
41.108667,75.324768,11.131513
42.087444,75.324768,10.803207
43.066222,75.324768,10.382922
44.045000,75.324768,9.897792
45.023778,75.324768,9.375470
46.002556,75.324768,8.840773
46.981333,75.324768,8.313698
47.960111,75.324768,7.808816
48.938889,75.324768,7.335649
49.917667,75.324768,6.899569
50.896444,75.324768,6.502842
51.875222,75.324768,6.145586
52.854000,75.324768,5.826564
53.832778,75.324768,5.543773
54.811556,75.324768,5.294860
55.790333,75.324768,5.077404
56.769111,75.324768,4.889101
57.747889,75.324768,4.727873
58.726667,75.324768,4.591937
59.705444,75.324768,4.479841
60.684222,75.324768,4.390493
61.663000,75.324768,4.323174
62.641778,75.324768,4.277557
63.620556,75.324768,4.253722
64.599333,75.324768,4.252185
65.578111,75.324768,4.273927
66.556889,75.324768,4.320438
67.535667,75.324768,4.393763
68.514444,75.324768,4.496552
69.493222,75.324768,4.632114
70.472000,75.324768,4.804441
71.450778,75.324768,5.018193
72.429556,75.324768,5.278588
73.408333,75.324768,5.591112
74.387111,75.324768,5.960939
75.365889,75.324768,6.391869
76.344667,75.324768,6.884567
77.323444,75.324768,7.433917
78.302222,75.324768,8.025479
79.281000,75.324768,8.631655
80.259778,75.324768,9.209122
81.238556,75.324768,9.700277
82.217333,75.324768,10.041472
83.196111,75.324768,10.178232
84.174889,75.324768,10.082400
85.153667,75.324768,9.762301
86.132444,75.324768,9.259608
87.111222,75.324768,8.634935
88.090000,75.324768,7.950570
89.068778,75.324768,7.258108
90.047556,75.324768,6.593505
0.000000,76.962263,2.990373
0.978778,76.962263,3.051304
1.957556,76.962263,3.111188
2.936333,76.962263,3.170234
3.915111,76.962263,3.228740
4.893889,76.962263,3.287085
5.872667,76.962263,3.345727
6.851444,76.962263,3.405192
7.830222,76.962263,3.466067
8.809000,76.962263,3.528995
9.787778,76.962263,3.594663
10.766556,76.962263,3.663806
11.745333,76.962263,3.737199
12.724111,76.962263,3.815662
13.702889,76.962263,3.900063
14.681667,76.962263,3.991324
15.660444,76.962263,4.090426
16.639222,76.962263,4.198422
17.618000,76.962263,4.316437
18.596778,76.962263,4.445675
19.575556,76.962263,4.587414
20.554333,76.962263,4.743002
21.533111,76.962263,4.913828
22.511889,76.962263,5.101295
23.490667,76.962263,5.306751
24.469444,76.962263,5.531412
25.448222,76.962263,5.776237
26.427000,76.962263,6.041767
27.405778,76.962263,6.327918
28.384556,76.962263,6.633724
29.363333,76.962263,6.957044
30.342111,76.962263,7.294241
31.320889,76.962263,7.639891
32.299667,76.962263,7.986546
33.278444,76.962263,8.324650
34.257222,76.962263,8.642676
35.236000,76.962263,8.927573
36.214778,76.962263,9.165562
37.193556,76.962263,9.343304
38.172333,76.962263,9.449341
39.151111,76.962263,9.475630
40.129889,76.962263,9.418856
41.108667,76.962263,9.281180
42.087444,76.962263,9.070144
43.066222,76.962263,8.797705
44.045000,76.962263,8.478607
45.023778,76.962263,8.128518
46.002556,76.962263,7.762363
46.981333,76.962263,7.393135
47.960111,76.962263,7.031281
48.938889,76.962263,6.684576
49.917667,76.962263,6.358346
50.896444,76.962263,6.055874
51.875222,76.962263,5.778860
52.854000,76.962263,5.527852
53.832778,76.962263,5.302628
54.811556,76.962263,5.102490
55.790333,76.962263,4.926496
56.769111,76.962263,4.773627
57.747889,76.962263,4.642913
58.726667,76.962263,4.533519
59.705444,76.962263,4.444816
60.684222,76.962263,4.376431
61.663000,76.962263,4.328295
62.641778,76.962263,4.300690
63.620556,76.962263,4.294296
64.599333,76.962263,4.310252
65.578111,76.962263,4.350229
66.556889,76.962263,4.416511
67.535667,76.962263,4.512107
68.514444,76.962263,4.640879
69.493222,76.962263,4.807684
70.472000,76.962263,5.018537
71.450778,76.962263,5.280756
72.429556,76.962263,5.603055
73.408333,76.962263,5.995475
74.387111,76.962263,6.468989
75.365889,76.962263,7.034458
76.344667,76.962263,7.700459
77.323444,76.962263,8.469282
78.302222,76.962263,9.330453
79.281000,76.962263,10.251784
80.259778,76.962263,11.170092
81.238556,76.962263,11.987576
82.217333,76.962263,12.583149
83.196111,76.962263,12.844374
84.174889,76.962263,12.710361
85.153667,76.962263,12.199442
86.132444,76.962263,11.400491
87.111222,76.962263,10.434811
88.090000,76.962263,9.415646
89.068778,76.962263,8.425437
90.047556,76.962263,7.512360
91.026333,76.962263,6.697498
92.005111,76.962263,5.984448
0.000000,78.599758,3.105666
0.978778,78.599758,3.163373
1.957556,78.599758,3.218591
2.936333,78.599758,3.271542
3.915111,78.599758,3.322572
4.893889,78.599758,3.372136
5.872667,78.599758,3.420791
6.851444,78.599758,3.469175
7.830222,78.599758,3.517990
8.809000,78.599758,3.567987
9.787778,78.599758,3.619946
10.766556,78.599758,3.674670
11.745333,78.599758,3.732971
12.724111,78.599758,3.795670
13.702889,78.599758,3.863590
14.681667,78.599758,3.937561
15.660444,78.599758,4.018422
16.639222,78.599758,4.107019
17.618000,78.599758,4.204211
18.596778,78.599758,4.310865
19.575556,78.599758,4.427850
20.554333,78.599758,4.556024
21.533111,78.599758,4.696207
22.511889,78.599758,4.849151
23.490667,78.599758,5.015486
24.469444,78.599758,5.195651
25.448222,78.599758,5.389806
26.427000,78.599758,5.597721
27.405778,78.599758,5.818643
28.384556,78.599758,6.051147
29.363333,78.599758,6.292980
30.342111,78.599758,6.540910
31.320889,78.599758,6.790609
32.299667,78.599758,7.036601
33.278444,78.599758,7.272304
34.257222,78.599758,7.490209
35.236000,78.599758,7.682219
36.214778,78.599758,7.840156
37.193556,78.599758,7.956423
38.172333,78.599758,8.024751
39.151111,78.599758,8.040925
40.129889,78.599758,8.003372
41.108667,78.599758,7.913451
42.087444,78.599758,7.775389
43.066222,78.599758,7.595818
44.045000,78.599758,7.383046
45.023778,78.599758,7.146173
46.002556,78.599758,6.894258
46.981333,78.599758,6.635643
47.960111,78.599758,6.377518
48.938889,78.599758,6.125714
49.917667,78.599758,5.884691
50.896444,78.599758,5.657659
51.875222,78.599758,5.446767
52.854000,78.599758,5.253326
53.832778,78.599758,5.078015
54.811556,78.599758,4.921080
55.790333,78.599758,4.782488
56.769111,78.599758,4.662068
57.747889,78.599758,4.559616
58.726667,78.599758,4.474985
59.705444,78.599758,4.408160
60.684222,78.599758,4.359325
61.663000,78.599758,4.328922
62.641778,78.599758,4.317723
63.620556,78.599758,4.326897
64.599333,78.599758,4.358096
65.578111,78.599758,4.413560
66.556889,78.599758,4.496242
67.535667,78.599758,4.609972
68.514444,78.599758,4.759655
69.493222,78.599758,4.951523
70.472000,78.599758,5.193434
71.450778,78.599758,5.495220
72.429556,78.599758,5.869047
73.408333,78.599758,6.329707
74.387111,78.599758,6.894651
75.365889,78.599758,7.583362
76.344667,78.599758,8.415328
77.323444,78.599758,9.405319
78.302222,78.599758,10.554123
79.281000,78.599758,11.833063
80.259778,78.599758,13.163368
81.238556,78.599758,14.399556
82.217333,78.599758,15.337940
83.196111,78.599758,15.772239
84.174889,78.599758,15.584973
85.153667,78.599758,14.812004
86.132444,78.599758,13.621930
87.111222,78.599758,12.229876
88.090000,78.599758,10.817118
89.068778,78.599758,9.498103
90.047556,78.599758,8.326419
91.026333,78.599758,7.315094
92.005111,78.599758,6.455427
92.983889,78.599758,5.729557
93.962667,78.599758,5.117438
0.000000,80.237253,3.261240
0.978778,80.237253,3.316142
1.957556,80.237253,3.366638
2.936333,80.237253,3.412983
3.915111,80.237253,3.455611
4.893889,80.237253,3.495117
5.872667,80.237253,3.532231
6.851444,80.237253,3.567781
7.830222,80.237253,3.602669
8.809000,80.237253,3.637827
9.787778,80.237253,3.674200
10.766556,80.237253,3.712717
11.745333,80.237253,3.754280
12.724111,80.237253,3.799748
13.702889,80.237253,3.849939
14.681667,80.237253,3.905625
15.660444,80.237253,3.967532
16.639222,80.237253,4.036348
17.618000,80.237253,4.112717
18.596778,80.237253,4.197242
19.575556,80.237253,4.290478
20.554333,80.237253,4.392921
21.533111,80.237253,4.504987
22.511889,80.237253,4.626985
23.490667,80.237253,4.759085
24.469444,80.237253,4.901258
25.448222,80.237253,5.053230
26.427000,80.237253,5.214401
27.405778,80.237253,5.383772
28.384556,80.237253,5.559868
29.363333,80.237253,5.740654
30.342111,80.237253,5.923480
31.320889,80.237253,6.105051
32.299667,80.237253,6.281434
33.278444,80.237253,6.448141
34.257222,80.237253,6.600275
35.236000,80.237253,6.732764
36.214778,80.237253,6.840671
37.193556,80.237253,6.919561
38.172333,80.237253,6.965891
39.151111,80.237253,6.977368
40.129889,80.237253,6.953217
41.108667,80.237253,6.894307
42.087444,80.237253,6.803104
43.066222,80.237253,6.683448
44.045000,80.237253,6.540200
45.023778,80.237253,6.378808
46.002556,80.237253,6.204877
46.981333,80.237253,6.023791
47.960111,80.237253,5.840433
48.938889,80.237253,5.659013
49.917667,80.237253,5.482998
50.896444,80.237253,5.315121
51.875222,80.237253,5.157450
52.854000,80.237253,5.011482
53.832778,80.237253,4.878260
54.811556,80.237253,4.758482
55.790333,80.237253,4.652613
56.769111,80.237253,4.560977
57.747889,80.237253,4.483847
58.726667,80.237253,4.421523
59.705444,80.237253,4.374402
60.684222,80.237253,4.343046
61.663000,80.237253,4.328254
62.641778,80.237253,4.331136
63.620556,80.237253,4.353195
64.599333,80.237253,4.396431
65.578111,80.237253,4.463458
66.556889,80.237253,4.557665
67.535667,80.237253,4.683401
68.514444,80.237253,4.846233
69.493222,80.237253,5.053256
70.472000,80.237253,5.313496
71.450778,80.237253,5.638395
72.429556,80.237253,6.042381
73.408333,80.237253,6.543454
74.387111,80.237253,7.163616
75.365889,80.237253,7.928740
76.344667,80.237253,8.866998
77.323444,80.237253,10.004174
78.302222,80.237253,11.353028
79.281000,80.237253,12.893179
80.259778,80.237253,14.540395
81.238556,80.237253,16.115208
82.217333,80.237253,17.342737
83.196111,80.237253,17.926797
84.174889,80.237253,17.692525
85.153667,80.237253,16.693780
86.132444,80.237253,15.178409
87.111222,80.237253,13.447854
88.090000,80.237253,11.738117
89.068778,80.237253,10.183050
90.047556,80.237253,8.833942
91.026333,80.237253,7.693052
92.005111,80.237253,6.739865
92.983889,80.237253,5.946554
93.962667,80.237253,5.285525
94.941444,80.237253,4.732429
95.920222,80.237253,4.266933
0.000000,81.874747,3.469014
0.978778,81.874747,3.521564
1.957556,81.874747,3.567044
2.936333,81.874747,3.605780
3.915111,81.874747,3.638370
4.893889,81.874747,3.665656
5.872667,81.874747,3.688668
6.851444,81.874747,3.708566
7.830222,81.874747,3.726580
8.809000,81.874747,3.743954
9.787778,81.874747,3.761899
10.766556,81.874747,3.781560
11.745333,81.874747,3.803992
12.724111,81.874747,3.830149
13.702889,81.874747,3.860877
14.681667,81.874747,3.896919
15.660444,81.874747,3.938921
16.639222,81.874747,3.987438
17.618000,81.874747,4.042940
18.596778,81.874747,4.105817
19.575556,81.874747,4.176378
20.554333,81.874747,4.254845
21.533111,81.874747,4.341346
22.511889,81.874747,4.435893
23.490667,81.874747,4.538358
24.469444,81.874747,4.648447
25.448222,81.874747,4.765659
26.427000,81.874747,4.889250
27.405778,81.874747,5.018186
28.384556,81.874747,5.151108
29.363333,81.874747,5.286299
30.342111,81.874747,5.421665
31.320889,81.874747,5.554743
32.299667,81.874747,5.682730
33.278444,81.874747,5.802556
34.257222,81.874747,5.910994
35.236000,81.874747,6.004812
36.214778,81.874747,6.080960
37.193556,81.874747,6.136770
38.172333,81.874747,6.170171
39.151111,81.874747,6.179864
40.129889,81.874747,6.165455
41.108667,81.874747,6.127510
42.087444,81.874747,6.067526
43.066222,81.874747,5.987817
44.045000,81.874747,5.891333
45.023778,81.874747,5.781442
46.002556,81.874747,5.661694
46.981333,81.874747,5.535610
47.960111,81.874747,5.406510
48.938889,81.874747,5.277390
49.917667,81.874747,5.150850
50.896444,81.874747,5.029072
51.875222,81.874747,4.913833
52.854000,81.874747,4.806544
53.832778,81.874747,4.708304
54.811556,81.874747,4.619968
55.790333,81.874747,4.542213
56.769111,81.874747,4.475605
57.747889,81.874747,4.420666
58.726667,81.874747,4.377940
59.705444,81.874747,4.348052
60.684222,81.874747,4.331777
61.663000,81.874747,4.330109
62.641778,81.874747,4.344331
63.620556,81.874747,4.376108
64.599333,81.874747,4.427586
65.578111,81.874747,4.501517
66.556889,81.874747,4.601420
67.535667,81.874747,4.731770
68.514444,81.874747,4.898260
69.493222,81.874747,5.108109
70.472000,81.874747,5.370473
71.450778,81.874747,5.696933
72.429556,81.874747,6.102070
73.408333,81.874747,6.604061
74.387111,81.874747,7.225117
75.365889,81.874747,7.991374
76.344667,81.874747,8.931334
77.323444,81.874747,10.071185
78.302222,81.874747,11.424138
79.281000,81.874747,12.970179
80.259778,81.874747,14.625039
81.238556,81.874747,16.208313
82.217333,81.874747,17.442919
83.196111,81.874747,18.029746
84.174889,81.874747,17.792024
85.153667,81.874747,16.784234
86.132444,81.874747,15.256882
87.111222,81.874747,13.514198
88.090000,81.874747,11.793859
89.068778,81.874747,10.230225
90.047556,81.874747,8.874439
91.026333,81.874747,7.728383
92.005111,81.874747,6.771164
92.983889,81.874747,5.974647
93.962667,81.874747,5.311013
94.941444,81.874747,4.755751
95.920222,81.874747,4.288415
0.000000,83.512242,3.745835
0.978778,83.512242,3.796563
1.957556,83.512242,3.836368
2.936333,83.512242,3.865709
3.915111,83.512242,3.885490
4.893889,83.512242,3.896993
5.872667,83.512242,3.901778
6.851444,83.512242,3.901569
7.830222,83.512242,3.898150
8.809000,83.512242,3.893268
9.787778,83.512242,3.888558
10.766556,83.512242,3.885500
11.745333,83.512242,3.885384
12.724111,83.512242,3.889305
13.702889,83.512242,3.898168
14.681667,83.512242,3.912700
15.660444,83.512242,3.933470
16.639222,83.512242,3.960906
17.618000,83.512242,3.995316
18.596778,83.512242,4.036895
19.575556,83.512242,4.085741
20.554333,83.512242,4.141854
21.533111,83.512242,4.205135
22.511889,83.512242,4.275382
23.490667,83.512242,4.352271
24.469444,83.512242,4.435346
25.448222,83.512242,4.523994
26.427000,83.512242,4.617430
27.405778,83.512242,4.714670
28.384556,83.512242,4.814519
29.363333,83.512242,4.915563
30.342111,83.512242,5.016163
31.320889,83.512242,5.114479
32.299667,83.512242,5.208499
33.278444,83.512242,5.296096
34.257222,83.512242,5.375106
35.236000,83.512242,5.443420
36.214778,83.512242,5.499099
37.193556,83.512242,5.540488
38.172333,83.512242,5.566330
39.151111,83.512242,5.575862
40.129889,83.512242,5.568876
41.108667,83.512242,5.545749
42.087444,83.512242,5.507425
43.066222,83.512242,5.455352
44.045000,83.512242,5.391385
45.023778,83.512242,5.317669
46.002556,83.512242,5.236511
46.981333,83.512242,5.150254
47.960111,83.512242,5.061175
48.938889,83.512242,4.971398
49.917667,83.512242,4.882841
50.896444,83.512242,4.797186
51.875222,83.512242,4.715871
52.854000,83.512242,4.640104
53.832778,83.512242,4.570889
54.811556,83.512242,4.509061
55.790333,83.512242,4.455329
56.769111,83.512242,4.410324
57.747889,83.512242,4.374647
58.726667,83.512242,4.348921
59.705444,83.512242,4.333846
60.684222,83.512242,4.330259
61.663000,83.512242,4.339192
62.641778,83.512242,4.361949
63.620556,83.512242,4.400179
64.599333,83.512242,4.455979
65.578111,83.512242,4.531998
66.556889,83.512242,4.631581
67.535667,83.512242,4.758933
68.514444,83.512242,4.919333
69.493222,83.512242,5.119386
70.472000,83.512242,5.367334
71.450778,83.512242,5.673412
72.429556,83.512242,6.050222
73.408333,83.512242,6.513043
74.387111,83.512242,7.079887
75.365889,83.512242,7.770900
76.344667,83.512242,8.606357
77.323444,83.512242,9.601922
78.302222,83.512242,10.759275
79.281000,83.512242,12.050301
80.259778,83.512242,13.395815
81.238556,83.512242,14.648085
82.217333,83.512242,15.598947
83.196111,83.512242,16.036672
84.174889,83.512242,15.840399
85.153667,83.512242,15.047113
86.132444,83.512242,13.830244
87.111222,83.512242,12.410338
88.090000,83.512242,10.972305
89.068778,83.512242,9.632052
90.047556,83.512242,8.443188
91.026333,83.512242,7.418137
92.005111,83.512242,6.547459
92.983889,83.512242,5.812638
93.962667,83.512242,5.193114
94.941444,83.512242,4.669588
0.000000,85.149737,4.115880
0.978778,85.149737,4.165469
1.957556,85.149737,4.198329
2.936333,85.149737,4.215179
3.915111,85.149737,4.217493
4.893889,85.149737,4.207358
5.872667,85.149737,4.187275
6.851444,85.149737,4.159945
7.830222,85.149737,4.128071
8.809000,85.149737,4.094206
9.787778,85.149737,4.060634
10.766556,85.149737,4.029312
11.745333,85.149737,4.001849
12.724111,85.149737,3.979512
13.702889,85.149737,3.963259
14.681667,85.149737,3.953774
15.660444,85.149737,3.951515
16.639222,85.149737,3.956748
17.618000,85.149737,3.969585
18.596778,85.149737,3.990012
19.575556,85.149737,4.017907
20.554333,85.149737,4.053056
21.533111,85.149737,4.095159
22.511889,85.149737,4.143828
23.490667,85.149737,4.198588
24.469444,85.149737,4.258867
25.448222,85.149737,4.323988
26.427000,85.149737,4.393160
27.405778,85.149737,4.465465
28.384556,85.149737,4.539861
29.363333,85.149737,4.615175
30.342111,85.149737,4.690114
31.320889,85.149737,4.763282
32.299667,85.149737,4.833208
33.278444,85.149737,4.898386
34.257222,85.149737,4.957324
35.236000,85.149737,5.008606
36.214778,85.149737,5.050961
37.193556,85.149737,5.083324
38.172333,85.149737,5.104906
39.151111,85.149737,5.115238
40.129889,85.149737,5.114211
41.108667,85.149737,5.102083
42.087444,85.149737,5.079470
43.066222,85.149737,5.047313
44.045000,85.149737,5.006820
45.023778,85.149737,4.959401
46.002556,85.149737,4.906593
46.981333,85.149737,4.849988
47.960111,85.149737,4.791165
48.938889,85.149737,4.731635
49.917667,85.149737,4.672801
50.896444,85.149737,4.615930
51.875222,85.149737,4.562141
52.854000,85.149737,4.512406
53.832778,85.149737,4.467559
54.811556,85.149737,4.428318
55.790333,85.149737,4.395313
56.769111,85.149737,4.369115
57.747889,85.149737,4.350276
58.726667,85.149737,4.339373
59.705444,85.149737,4.337048
60.684222,85.149737,4.344067
61.663000,85.149737,4.361370
62.641778,85.149737,4.390135
63.620556,85.149737,4.431850
64.599333,85.149737,4.488388
65.578111,85.149737,4.562101
66.556889,85.149737,4.655921
67.535667,85.149737,4.773483
68.514444,85.149737,4.919264
69.493222,85.149737,5.098738
70.472000,85.149737,5.318547
71.450778,85.149737,5.586654
72.429556,85.149737,5.912446
73.408333,85.149737,6.306681
74.387111,85.149737,6.781102
75.365889,85.149737,7.347409
76.344667,85.149737,8.015069
77.323444,85.149737,8.787258
78.302222,85.149737,9.654214
79.281000,85.149737,10.583957
80.259778,85.149737,11.512505
81.238556,85.149737,12.339778
82.217333,85.149737,12.940981
83.196111,85.149737,13.199679
84.174889,85.149737,13.052680
85.153667,85.149737,12.519131
86.132444,85.149737,11.691392
87.111222,85.149737,10.695032
88.090000,85.149737,9.646627
89.068778,85.149737,8.630414
90.047556,85.149737,7.695090
91.026333,85.149737,6.861524
92.005111,85.149737,6.132798
92.983889,85.149737,5.502395
93.962667,85.149737,4.959612
94.941444,85.149737,4.492679
0.000000,86.787232,4.614304
0.978778,86.787232,4.663717
1.957556,86.787232,4.687301
2.936333,86.787232,4.686285
3.915111,86.787232,4.663240
4.893889,86.787232,4.621763
5.872667,86.787232,4.566064
6.851444,86.787232,4.500543
7.830222,86.787232,4.429438
8.809000,86.787232,4.356556
9.787778,86.787232,4.285128
10.766556,86.787232,4.217743
11.745333,86.787232,4.156370
12.724111,86.787232,4.102419
13.702889,86.787232,4.056819
14.681667,86.787232,4.020114
15.660444,86.787232,3.992542
16.639222,86.787232,3.974110
17.618000,86.787232,3.964653
18.596778,86.787232,3.963877
19.575556,86.787232,3.971396
20.554333,86.787232,3.986749
21.533111,86.787232,4.009414
22.511889,86.787232,4.038820
23.490667,86.787232,4.074341
24.469444,86.787232,4.115297
25.448222,86.787232,4.160951
26.427000,86.787232,4.210503
27.405778,86.787232,4.263088
28.384556,86.787232,4.317775
29.363333,86.787232,4.373569
30.342111,86.787232,4.429421
31.320889,86.787232,4.484242
32.299667,86.787232,4.536922
33.278444,86.787232,4.586357
34.257222,86.787232,4.631487
35.236000,86.787232,4.671327
36.214778,86.787232,4.705012
37.193556,86.787232,4.731832
38.172333,86.787232,4.751271
39.151111,86.787232,4.763034
40.129889,86.787232,4.767063
41.108667,86.787232,4.763544
42.087444,86.787232,4.752898
43.066222,86.787232,4.735760
44.045000,86.787232,4.712949
45.023778,86.787232,4.685423
46.002556,86.787232,4.654238
46.981333,86.787232,4.620500
47.960111,86.787232,4.585324
48.938889,86.787232,4.549793
49.917667,86.787232,4.514928
50.896444,86.787232,4.481668
51.875222,86.787232,4.450853
52.854000,86.787232,4.423219
53.832778,86.787232,4.399405
54.811556,86.787232,4.379958
55.790333,86.787232,4.365353
56.769111,86.787232,4.356015
57.747889,86.787232,4.352351
58.726667,86.787232,4.354781
59.705444,86.787232,4.363782
60.684222,86.787232,4.379931
61.663000,86.787232,4.403957
62.641778,86.787232,4.436798
63.620556,86.787232,4.479654
64.599333,86.787232,4.534055
65.578111,86.787232,4.601926
66.556889,86.787232,4.685653
67.535667,86.787232,4.788152
68.514444,86.787232,4.912939
69.493222,86.787232,5.064187
70.472000,86.787232,5.246756
71.450778,86.787232,5.466186
72.429556,86.787232,5.728580
73.408333,86.787232,6.040322
74.387111,86.787232,6.407486
75.365889,86.787232,6.834761
76.344667,86.787232,7.323658
77.323444,86.787232,7.869779
78.302222,86.787232,8.459144
79.281000,86.787232,9.064147
80.259778,86.787232,9.640763
81.238556,86.787232,10.129881
82.217333,86.787232,10.465754
83.196111,86.787232,10.591875
84.174889,86.787232,10.479019
85.153667,86.787232,10.135974
86.132444,86.787232,9.606238
87.111222,86.787232,8.952829
88.090000,86.787232,8.240187
89.068778,86.787232,7.521352
90.047556,86.787232,6.832982
91.026333,86.787232,6.196283
92.005111,86.787232,5.620645
92.983889,86.787232,5.107647
93.962667,86.787232,4.654331
0.000000,88.424727,5.292607
0.978778,88.424727,5.343331
1.957556,88.424727,5.353385
2.936333,88.424727,5.325047
3.915111,88.424727,5.263076
4.893889,88.424727,5.173988
5.872667,88.424727,5.065162
6.851444,88.424727,4.943991
7.830222,88.424727,4.817232
8.809000,88.424727,4.690593
9.787778,88.424727,4.568575
10.766556,88.424727,4.454487
11.745333,88.424727,4.350576
12.724111,88.424727,4.258209
13.702889,88.424727,4.178069
14.681667,88.424727,4.110324
15.660444,88.424727,4.054786
16.639222,88.424727,4.011015
17.618000,88.424727,3.978418
18.596778,88.424727,3.956304
19.575556,88.424727,3.943926
20.554333,88.424727,3.940511
21.533111,88.424727,3.945274
22.511889,88.424727,3.957421
23.490667,88.424727,3.976156
24.469444,88.424727,4.000675
25.448222,88.424727,4.030163
26.427000,88.424727,4.063792
27.405778,88.424727,4.100717
28.384556,88.424727,4.140076
29.363333,88.424727,4.180992
30.342111,88.424727,4.222577
31.320889,88.424727,4.263945
32.299667,88.424727,4.304224
33.278444,88.424727,4.342572
34.257222,88.424727,4.378201
35.236000,88.424727,4.410399
36.214778,88.424727,4.438553
37.193556,88.424727,4.462171
38.172333,88.424727,4.480906
39.151111,88.424727,4.494566
40.129889,88.424727,4.503128
41.108667,88.424727,4.506735
42.087444,88.424727,4.505694
43.066222,88.424727,4.500459
44.045000,88.424727,4.491612
45.023778,88.424727,4.479837
46.002556,88.424727,4.465888
46.981333,88.424727,4.450562
47.960111,88.424727,4.434665
48.938889,88.424727,4.418987
49.917667,88.424727,4.404275
50.896444,88.424727,4.391214
51.875222,88.424727,4.380411
52.854000,88.424727,4.372388
53.832778,88.424727,4.367578
54.811556,88.424727,4.366329
55.790333,88.424727,4.368909
56.769111,88.424727,4.375532
57.747889,88.424727,4.386371
58.726667,88.424727,4.401598
59.705444,88.424727,4.421417
60.684222,88.424727,4.446109
61.663000,88.424727,4.476082
62.641778,88.424727,4.511923
63.620556,88.424727,4.554454
64.599333,88.424727,4.604781
65.578111,88.424727,4.664342
66.556889,88.424727,4.734949
67.535667,88.424727,4.818810
68.514444,88.424727,4.918539
69.493222,88.424727,5.037141
70.472000,88.424727,5.177953
71.450778,88.424727,5.344529
72.429556,88.424727,5.540428
73.408333,88.424727,5.768865
74.387111,88.424727,6.032158
75.365889,88.424727,6.330894
76.344667,88.424727,6.662768
77.323444,88.424727,7.021113
78.302222,88.424727,7.393298
79.281000,88.424727,7.759465
80.259778,88.424727,8.092434
81.238556,88.424727,8.359735
82.217333,88.424727,8.528402
83.196111,88.424727,8.571910
84.174889,88.424727,8.477060
85.153667,88.424727,8.247805
86.132444,88.424727,7.904095
87.111222,88.424727,7.476341
88.090000,88.424727,6.998160
89.068778,88.424727,6.500225
90.047556,88.424727,6.006733
91.026333,88.424727,5.534449
92.005111,88.424727,5.093439
92.983889,88.424727,4.688573
93.962667,88.424727,4.321093
0.000000,90.062222,6.225757
0.978778,90.062222,6.280254
1.957556,90.062222,6.268970
2.936333,90.062222,6.196408
3.915111,90.062222,6.071868
4.893889,90.062222,5.907690
5.872667,90.062222,5.717236
6.851444,90.062222,5.513151
7.830222,90.062222,5.306209
8.809000,90.062222,5.104794
9.787778,90.062222,4.914875
10.766556,90.062222,4.740291
11.745333,90.062222,4.583173
12.724111,90.062222,4.444372
13.702889,90.062222,4.323846
14.681667,90.062222,4.220971
15.660444,90.062222,4.134767
16.639222,90.062222,4.064063
17.618000,90.062222,4.007607
18.596778,90.062222,3.964140
19.575556,90.062222,3.932429
20.554333,90.062222,3.911296
21.533111,90.062222,3.899622
22.511889,90.062222,3.896347
23.490667,90.062222,3.900468
24.469444,90.062222,3.911028
25.448222,90.062222,3.927110
26.427000,90.062222,3.947832
27.405778,90.062222,3.972335
28.384556,90.062222,3.999787
29.363333,90.062222,4.029376
30.342111,90.062222,4.060315
31.320889,90.062222,4.091847
32.299667,90.062222,4.123252
33.278444,90.062222,4.153856
34.257222,90.062222,4.183045
35.236000,90.062222,4.210280
36.214778,90.062222,4.235108
37.193556,90.062222,4.257176
38.172333,90.062222,4.276245
39.151111,90.062222,4.292192
40.129889,90.062222,4.305021
41.108667,90.062222,4.314859
42.087444,90.062222,4.321952
43.066222,90.062222,4.326653
44.045000,90.062222,4.329410
45.023778,90.062222,4.330744
46.002556,90.062222,4.331233
46.981333,90.062222,4.331485
47.960111,90.062222,4.332113
48.938889,90.062222,4.333718
49.917667,90.062222,4.336858
50.896444,90.062222,4.342036
51.875222,90.062222,4.349677
52.854000,90.062222,4.360116
53.832778,90.062222,4.373586
54.811556,90.062222,4.390218
55.790333,90.062222,4.410040
56.769111,90.062222,4.432989
57.747889,90.062222,4.458926
58.726667,90.062222,4.487673
59.705444,90.062222,4.519045
60.684222,90.062222,4.552903
61.663000,90.062222,4.589209
62.641778,90.062222,4.628089
63.620556,90.062222,4.669891
64.599333,90.062222,4.715241
65.578111,90.062222,4.765083
66.556889,90.062222,4.820702
67.535667,90.062222,4.883724
68.514444,90.062222,4.956082
69.493222,90.062222,5.039953
70.472000,90.062222,5.137647
71.450778,90.062222,5.251447
72.429556,90.062222,5.383383
73.408333,90.062222,5.534912
74.387111,90.062222,5.706505
75.365889,90.062222,5.897113
76.344667,90.062222,6.103538
77.323444,90.062222,6.319771
78.302222,90.062222,6.536457
79.281000,90.062222,6.740725
80.259778,90.062222,6.916704
81.238556,90.062222,7.046987
82.217333,90.062222,7.115054
83.196111,90.062222,7.108246
84.174889,90.062222,7.020436
85.153667,90.062222,6.853438
86.132444,90.062222,6.616596
87.111222,90.062222,6.324717
88.090000,90.062222,5.995166
89.068778,90.062222,5.645066
90.047556,90.062222,5.289293
91.026333,90.062222,4.939476
92.005111,90.062222,4.603828
92.983889,90.062222,4.287523
0.000000,91.699717,7.518624
0.978778,91.699717,7.581194
1.957556,91.699717,7.534139
2.936333,91.699717,7.386900
3.915111,91.699717,7.158527
4.893889,91.699717,6.873229
5.872667,91.699717,6.555672
6.851444,91.699717,6.227466
7.830222,91.699717,5.905363
8.809000,91.699717,5.600951
9.787778,91.699717,5.321275
10.766556,91.699717,5.069840
11.745333,91.699717,4.847645
12.724111,91.699717,4.654062
13.702889,91.699717,4.487496
14.681667,91.699717,4.345853
15.660444,91.699717,4.226844
16.639222,91.699717,4.128176
17.618000,91.699717,4.047658
18.596778,91.699717,3.983255
19.575556,91.699717,3.933105
20.554333,91.699717,3.895523
21.533111,91.699717,3.868987
22.511889,91.699717,3.852122
23.490667,91.699717,3.843681
24.469444,91.699717,3.842528
25.448222,91.699717,3.847621
26.427000,91.699717,3.857996
27.405778,91.699717,3.872756
28.384556,91.699717,3.891066
29.363333,91.699717,3.912143
30.342111,91.699717,3.935254
31.320889,91.699717,3.959719
32.299667,91.699717,3.984911
33.278444,91.699717,4.010265
34.257222,91.699717,4.035277
35.236000,91.699717,4.059519
36.214778,91.699717,4.082642
37.193556,91.699717,4.104388
38.172333,91.699717,4.124588
39.151111,91.699717,4.143177
40.129889,91.699717,4.160186
41.108667,91.699717,4.175745
42.087444,91.699717,4.190080
43.066222,91.699717,4.203502
44.045000,91.699717,4.216395
45.023778,91.699717,4.229206
46.002556,91.699717,4.242424
46.981333,91.699717,4.256563
47.960111,91.699717,4.272140
48.938889,91.699717,4.289652
49.917667,91.699717,4.309556
50.896444,91.699717,4.332241
51.875222,91.699717,4.358007
52.854000,91.699717,4.387044
53.832778,91.699717,4.419410
54.811556,91.699717,4.455017
55.790333,91.699717,4.493621
56.769111,91.699717,4.534824
57.747889,91.699717,4.578085
58.726667,91.699717,4.622751
59.705444,91.699717,4.668097
60.684222,91.699717,4.713396
61.663000,91.699717,4.757988
62.641778,91.699717,4.801374
63.620556,91.699717,4.843299
64.599333,91.699717,4.883835
65.578111,91.699717,4.923431
66.556889,91.699717,4.962943
67.535667,91.699717,5.003612
68.514444,91.699717,5.047012
69.493222,91.699717,5.094941
70.472000,91.699717,5.149277
71.450778,91.699717,5.211795
72.429556,91.699717,5.283942
73.408333,91.699717,5.366586
74.387111,91.699717,5.459719
75.365889,91.699717,5.562156
76.344667,91.699717,5.671232
77.323444,91.699717,5.782560
78.302222,91.699717,5.889934
79.281000,91.699717,5.985473
80.259778,91.699717,6.060111
81.238556,91.699717,6.104471
82.217333,91.699717,6.110063
83.196111,91.699717,6.070587
84.174889,91.699717,5.983028
85.153667,91.699717,5.848214
86.132444,91.699717,5.670661
87.111222,91.699717,5.457773
88.090000,91.699717,5.218632
89.068778,91.699717,4.962733
90.047556,91.699717,4.698933
91.026333,91.699717,4.434773
92.005111,91.699717,4.176168
0.000000,93.337212,9.299959
0.978778,93.337212,9.378200
1.957556,93.337212,9.269168
2.936333,93.337212,8.993500
3.915111,93.337212,8.591481
4.893889,93.337212,8.111386
5.872667,93.337212,7.598555
6.851444,93.337212,7.088787
7.830222,93.337212,6.606401
8.809000,93.337212,6.165427
9.787778,93.337212,5.772110
10.766556,93.337212,5.427485
11.745333,93.337212,5.129477
12.724111,93.337212,4.874387
13.702889,93.337212,4.657861
14.681667,93.337212,4.475459
15.660444,93.337212,4.322967
16.639222,93.337212,4.196544
17.618000,93.337212,4.092773
18.596778,93.337212,4.008651
19.575556,93.337212,3.941565
20.554333,93.337212,3.889241
21.533111,93.337212,3.849703
22.511889,93.337212,3.821230
23.490667,93.337212,3.802309
24.469444,93.337212,3.791609
25.448222,93.337212,3.787947
26.427000,93.337212,3.790264
27.405778,93.337212,3.797608
28.384556,93.337212,3.809118
29.363333,93.337212,3.824013
30.342111,93.337212,3.841586
31.320889,93.337212,3.861199
32.299667,93.337212,3.882281
33.278444,93.337212,3.904331
34.257222,93.337212,3.926919
35.236000,93.337212,3.949688
36.214778,93.337212,3.972362
37.193556,93.337212,3.994745
38.172333,93.337212,4.016730
39.151111,93.337212,4.038295
40.129889,93.337212,4.059507
41.108667,93.337212,4.080521
42.087444,93.337212,4.101576
43.066222,93.337212,4.122985
44.045000,93.337212,4.145132
45.023778,93.337212,4.168454
46.002556,93.337212,4.193431
46.981333,93.337212,4.220567
47.960111,93.337212,4.250370
48.938889,93.337212,4.283325
49.917667,93.337212,4.319875
50.896444,93.337212,4.360382
51.875222,93.337212,4.405102
52.854000,93.337212,4.454145
53.832778,93.337212,4.507442
54.811556,93.337212,4.564710
55.790333,93.337212,4.625422
56.769111,93.337212,4.688790
57.747889,93.337212,4.753761
58.726667,93.337212,4.819045
59.705444,93.337212,4.883159
60.684222,93.337212,4.944518
61.663000,93.337212,5.001556
62.641778,93.337212,5.052862
63.620556,93.337212,5.097343
64.599333,93.337212,5.134355
65.578111,93.337212,5.163819
66.556889,93.337212,5.186265
67.535667,93.337212,5.202812
68.514444,93.337212,5.215080
69.493222,93.337212,5.225028
70.472000,93.337212,5.234757
71.450778,93.337212,5.246276
72.429556,93.337212,5.261271
73.408333,93.337212,5.280872
74.387111,93.337212,5.305443
75.365889,93.337212,5.334410
76.344667,93.337212,5.366134
77.323444,93.337212,5.397862
78.302222,93.337212,5.425780
79.281000,93.337212,5.445212
80.259778,93.337212,5.450978
81.238556,93.337212,5.437898
82.217333,93.337212,5.401403
83.196111,93.337212,5.338145
84.174889,93.337212,5.246475
85.153667,93.337212,5.126696
86.132444,93.337212,4.981005
87.111222,93.337212,4.813170
88.090000,93.337212,4.628000
89.068778,93.337212,4.430767
90.047556,93.337212,4.226665
91.026333,93.337212,4.020405
92.005111,93.337212,3.815966
0.000000,94.974707,11.664797
0.978778,94.974707,11.771269
1.957556,94.974707,11.556580
2.936333,94.974707,11.066128
3.915111,94.974707,10.384723
4.893889,94.974707,9.606585
5.872667,94.974707,8.811372
6.851444,94.974707,8.053878
7.830222,94.974707,7.364859
8.809000,94.974707,6.756985
9.787778,94.974707,6.231431
10.766556,94.974707,5.783080
11.745333,94.974707,5.403990
12.724111,94.974707,5.085437
13.702889,94.974707,4.818999
14.681667,94.974707,4.597051
15.660444,94.974707,4.412932
16.639222,94.974707,4.260937
17.618000,94.974707,4.136238
18.596778,94.974707,4.034767
19.575556,94.974707,3.953103
20.554333,94.974707,3.888366
21.533111,94.974707,3.838120
22.511889,94.974707,3.800295
23.490667,94.974707,3.773121
24.469444,94.974707,3.755075
25.448222,94.974707,3.744836
26.427000,94.974707,3.741250
27.405778,94.974707,3.743302
28.384556,94.974707,3.750097
29.363333,94.974707,3.760843
30.342111,94.974707,3.774837
31.320889,94.974707,3.791463
32.299667,94.974707,3.810181
33.278444,94.974707,3.830531
34.257222,94.974707,3.852126
35.236000,94.974707,3.874661
36.214778,94.974707,3.897908
37.193556,94.974707,3.921723
38.172333,94.974707,3.946044
39.151111,94.974707,3.970898
40.129889,94.974707,3.996396
41.108667,94.974707,4.022738
42.087444,94.974707,4.050204
43.066222,94.974707,4.079154
44.045000,94.974707,4.110021
45.023778,94.974707,4.143299
46.002556,94.974707,4.179532
46.981333,94.974707,4.219298
47.960111,94.974707,4.263187
48.938889,94.974707,4.311780
49.917667,94.974707,4.365611
50.896444,94.974707,4.425134
51.875222,94.974707,4.490678
52.854000,94.974707,4.562387
53.832778,94.974707,4.640166
54.811556,94.974707,4.723610
55.790333,94.974707,4.811942
56.769111,94.974707,4.903952
57.747889,94.974707,4.997962
58.726667,94.974707,5.091822
59.705444,94.974707,5.182964
60.684222,94.974707,5.268515
61.663000,94.974707,5.345485
62.641778,94.974707,5.411027
63.620556,94.974707,5.462722
64.599333,94.974707,5.498867
65.578111,94.974707,5.518703
66.556889,94.974707,5.522532
67.535667,94.974707,5.511700
68.514444,94.974707,5.488437
69.493222,94.974707,5.455586
70.472000,94.974707,5.416275
71.450778,94.974707,5.373567
72.429556,94.974707,5.330155
73.408333,94.974707,5.288103
74.387111,94.974707,5.248675
75.365889,94.974707,5.212235
76.344667,94.974707,5.178219
77.323444,94.974707,5.145183
78.302222,94.974707,5.110927
79.281000,94.974707,5.072687
80.259778,94.974707,5.027400
81.238556,94.974707,4.972024
82.217333,94.974707,4.903872
83.196111,94.974707,4.820930
84.174889,94.974707,4.722098
85.153667,94.974707,4.607314
86.132444,94.974707,4.477547
87.111222,94.974707,4.334652
88.090000,94.974707,4.181142
89.068778,94.974707,4.019901
90.047556,94.974707,3.853914
91.026333,94.974707,3.686030
0.000000,96.612202,14.478623
0.978778,96.612202,14.629275
1.957556,96.612202,14.253850
2.936333,96.612202,13.445523
3.915111,96.612202,12.369702
4.893889,96.612202,11.194749
5.872667,96.612202,10.046560
6.851444,96.612202,8.998171
7.830222,96.612202,8.080333
8.809000,96.612202,7.297217
9.787778,96.612202,6.639227
10.766556,96.612202,6.091218
11.745333,96.612202,5.637001
12.724111,96.612202,5.261481
13.702889,96.612202,4.951473
14.681667,96.612202,4.695851
15.660444,96.612202,4.485396
16.639222,96.612202,4.312544
17.618000,96.612202,4.171107
18.596778,96.612202,4.056022
19.575556,96.612202,3.963138
20.554333,96.612202,3.889034
21.533111,96.612202,3.830873
22.511889,96.612202,3.786291
23.490667,96.612202,3.753300
24.469444,96.612202,3.730217
25.448222,96.612202,3.715604
26.427000,96.612202,3.708226
27.405778,96.612202,3.707016
28.384556,96.612202,3.711044
29.363333,96.612202,3.719503
30.342111,96.612202,3.731687
31.320889,96.612202,3.746986
32.299667,96.612202,3.764879
33.278444,96.612202,3.784926
34.257222,96.612202,3.806770
35.236000,96.612202,3.830138
36.214778,96.612202,3.854839
37.193556,96.612202,3.880768
38.172333,96.612202,3.907908
39.151111,96.612202,3.936334
40.129889,96.612202,3.966212
41.108667,96.612202,3.997803
42.087444,96.612202,4.031461
43.066222,96.612202,4.067630
44.045000,96.612202,4.106841
45.023778,96.612202,4.149709
46.002556,96.612202,4.196916
46.981333,96.612202,4.249207
47.960111,96.612202,4.307363
48.938889,96.612202,4.372178
49.917667,96.612202,4.444427
50.896444,96.612202,4.524816
51.875222,96.612202,4.613925
52.854000,96.612202,4.712126
53.832778,96.612202,4.819491
54.811556,96.612202,4.935672
55.790333,96.612202,5.059773
56.769111,96.612202,5.190216
57.747889,96.612202,5.324616
58.726667,96.612202,5.459711
59.705444,96.612202,5.591367
60.684222,96.612202,5.714712
61.663000,96.612202,5.824428
62.641778,96.612202,5.915206
63.620556,96.612202,5.982321
64.599333,96.612202,6.022241
65.578111,96.612202,6.033132
66.556889,96.612202,6.015150
67.535667,96.612202,5.970419
68.514444,96.612202,5.902717
69.493222,96.612202,5.816930
70.472000,96.612202,5.718413
71.450778,96.612202,5.612383
72.429556,96.612202,5.503426
73.408333,96.612202,5.395181
74.387111,96.612202,5.290175
75.365889,96.612202,5.189804
76.344667,96.612202,5.094408
77.323444,96.612202,5.003418
78.302222,96.612202,4.915548
79.281000,96.612202,4.829008
80.259778,96.612202,4.741740
81.238556,96.612202,4.651654
82.217333,96.612202,4.556851
83.196111,96.612202,4.455808
84.174889,96.612202,4.347529
85.153667,96.612202,4.231612
86.132444,96.612202,4.108258
87.111222,96.612202,3.978215
88.090000,96.612202,3.842660
89.068778,96.612202,3.703066
90.047556,96.612202,3.561050
91.026333,96.612202,3.418243
0.000000,98.249697,17.019305
0.978778,98.249697,17.219573
1.957556,98.249697,16.666294
2.936333,98.249697,15.516372
3.915111,98.249697,14.036090
4.893889,98.249697,12.476399
5.872667,98.249697,11.005338
6.851444,98.249697,9.705245
7.830222,98.249697,8.599137
8.809000,98.249697,7.678061
9.787778,98.249697,6.919702
10.766556,98.249697,6.298579
11.745333,98.249697,5.790749
12.724111,98.249697,5.375528
13.702889,98.249697,5.035770
14.681667,98.249697,4.757565
15.660444,98.249697,4.529739
16.639222,98.249697,4.343342
17.618000,98.249697,4.191204
18.596778,98.249697,4.067561
19.575556,98.249697,3.967754
20.554333,98.249697,3.887997
21.533111,98.249697,3.825188
22.511889,98.249697,3.776768
23.490667,98.249697,3.740608
24.469444,98.249697,3.714922
25.448222,98.249697,3.698200
26.427000,98.249697,3.689156
27.405778,98.249697,3.686688
28.384556,98.249697,3.689843
29.363333,98.249697,3.697801
30.342111,98.249697,3.709853
31.320889,98.249697,3.725388
32.299667,98.249697,3.743891
33.278444,98.249697,3.764933
34.257222,98.249697,3.788171
35.236000,98.249697,3.813352
36.214778,98.249697,3.840309
37.193556,98.249697,3.868969
38.172333,98.249697,3.899356
39.151111,98.249697,3.931593
40.129889,98.249697,3.965911
41.108667,98.249697,4.002648
42.087444,98.249697,4.042255
43.066222,98.249697,4.085298
44.045000,98.249697,4.132457
45.023778,98.249697,4.184525
46.002556,98.249697,4.242407
46.981333,98.249697,4.307108
47.960111,98.249697,4.379721
48.938889,98.249697,4.461408
49.917667,98.249697,4.553364
50.896444,98.249697,4.656771
51.875222,98.249697,4.772723
52.854000,98.249697,4.902129
53.832778,98.249697,5.045573
54.811556,98.249697,5.203126
55.790333,98.249697,5.374120
56.769111,98.249697,5.556865
57.747889,98.249697,5.748362
58.726667,98.249697,5.944035
59.705444,98.249697,6.137579
60.684222,98.249697,6.321019
61.663000,98.249697,6.485108
62.641778,98.249697,6.620115
63.620556,98.249697,6.716984
64.599333,98.249697,6.768665
65.578111,98.249697,6.771316
66.556889,98.249697,6.725005
67.535667,98.249697,6.633696
68.514444,98.249697,6.504517
69.493222,98.249697,6.346541
70.472000,98.249697,6.169422
71.450778,98.249697,5.982231
72.429556,98.249697,5.792642
73.408333,98.249697,5.606529
74.387111,98.249697,5.427896
75.365889,98.249697,5.259031
76.344667,98.249697,5.100781
77.323444,98.249697,4.952873
78.302222,98.249697,4.814223
79.281000,98.249697,4.683229
80.259778,98.249697,4.558021
81.238556,98.249697,4.436677
82.217333,98.249697,4.317395
83.196111,98.249697,4.198633
84.174889,98.249697,4.079200
85.153667,98.249697,3.958307
86.132444,98.249697,3.835574
87.111222,98.249697,3.711003
88.090000,98.249697,3.584916
89.068778,98.249697,3.457883
90.047556,98.249697,3.330634
0.000000,99.887192,17.989302
0.978778,99.887192,18.210864
1.957556,99.887192,17.581201
2.936333,99.887192,16.287442
3.915111,99.887192,14.641830
4.893889,99.887192,12.930199
5.872667,99.887192,11.335983
6.851444,99.887192,9.942914
7.830222,99.887192,8.769186
8.809000,99.887192,7.799719
9.787778,99.887192,7.006832
10.766556,99.887192,6.360950
11.745333,99.887192,5.835194
12.724111,99.887192,5.406833
13.702889,99.887192,5.057319
14.681667,99.887192,4.771775
15.660444,99.887192,4.538362
16.639222,99.887192,4.347675
17.618000,99.887192,4.192223
18.596778,99.887192,4.066020
19.575556,99.887192,3.964254
20.554333,99.887192,3.883027
21.533111,99.887192,3.819162
22.511889,99.887192,3.770048
23.490667,99.887192,3.733520
24.469444,99.887192,3.707769
25.448222,99.887192,3.691267
26.427000,99.887192,3.682719
27.405778,99.887192,3.681013
28.384556,99.887192,3.685193
29.363333,99.887192,3.694434
30.342111,99.887192,3.708021
31.320889,99.887192,3.725343
32.299667,99.887192,3.745879
33.278444,99.887192,3.769200
34.257222,99.887192,3.794964
35.236000,99.887192,3.822920
36.214778,99.887192,3.852916
37.193556,99.887192,3.884897
38.172333,99.887192,3.918920
39.151111,99.887192,3.955156
40.129889,99.887192,3.993901
41.108667,99.887192,4.035584
42.087444,99.887192,4.080774
43.066222,99.887192,4.130188
44.045000,99.887192,4.184698
45.023778,99.887192,4.245340
46.002556,99.887192,4.313313
46.981333,99.887192,4.389986
47.960111,99.887192,4.476895
48.938889,99.887192,4.575737
49.917667,99.887192,4.688346
50.896444,99.887192,4.816659
51.875222,99.887192,4.962646
52.854000,99.887192,5.128204
53.832778,99.887192,5.314981
54.811556,99.887192,5.524121
55.790333,99.887192,5.755895
56.769111,99.887192,6.009210
57.747889,99.887192,6.280992
58.726667,99.887192,6.565510
59.705444,99.887192,6.853758
60.684222,99.887192,7.133148
61.663000,99.887192,7.387826
62.641778,99.887192,7.599926
63.620556,99.887192,7.751866
64.599333,99.887192,7.829367
65.578111,99.887192,7.824390
66.556889,99.887192,7.736965
67.535667,99.887192,7.575175
68.514444,99.887192,7.353299
69.493222,99.887192,7.088855
70.472000,99.887192,6.799573
71.450778,99.887192,6.501097
72.429556,99.887192,6.205726
73.408333,99.887192,5.922106
74.387111,99.887192,5.655537
75.365889,99.887192,5.408593
76.344667,99.887192,5.181813
77.323444,99.887192,4.974337
78.302222,99.887192,4.784419
79.281000,99.887192,4.609831
80.259778,99.887192,4.448160
81.238556,99.887192,4.297018
82.217333,99.887192,4.154191
83.196111,99.887192,4.017737
84.174889,99.887192,3.886044
85.153667,99.887192,3.757853
86.132444,99.887192,3.632259
87.111222,99.887192,3.508680
88.090000,99.887192,3.386822
89.068778,99.887192,3.266622
0.000000,101.524687,16.717076
0.978778,101.524687,16.910667
1.957556,101.524687,16.379049
2.936333,101.524687,15.270652
3.915111,101.524687,13.838675
4.893889,101.524687,12.323857
5.872667,101.524687,10.889478
6.851444,101.524687,9.617215
7.830222,101.524687,8.531354
8.809000,101.524687,7.624695
9.787778,101.524687,6.876509
10.766556,101.524687,6.262557
11.745333,101.524687,5.759807
12.724111,101.524687,5.348220
13.702889,101.524687,5.011111
14.681667,101.524687,4.734894
15.660444,101.524687,4.508630
16.639222,101.524687,4.323543
17.618000,101.524687,4.172595
18.596778,101.524687,4.050127
19.575556,101.524687,3.951563
20.554333,101.524687,3.873186
21.533111,101.524687,3.811955
22.511889,101.524687,3.765361
23.490667,101.524687,3.731319
24.469444,101.524687,3.708081
25.448222,101.524687,3.694167
26.427000,101.524687,3.688314
27.405778,101.524687,3.689436
28.384556,101.524687,3.696589
29.363333,101.524687,3.708953
30.342111,101.524687,3.725811
31.320889,101.524687,3.746542
32.299667,101.524687,3.770611
33.278444,101.524687,3.797571
34.257222,101.524687,3.827062
35.236000,101.524687,3.858821
36.214778,101.524687,3.892683
37.193556,101.524687,3.928597
38.172333,101.524687,3.966635
39.151111,101.524687,4.007005
40.129889,101.524687,4.050067
41.108667,101.524687,4.096340
42.087444,101.524687,4.146527
43.066222,101.524687,4.201518
44.045000,101.524687,4.262414
45.023778,101.524687,4.330539
46.002556,101.524687,4.407459
46.981333,101.524687,4.494997
47.960111,101.524687,4.595255
48.938889,101.524687,4.710631
49.917667,101.524687,4.843824
50.896444,101.524687,4.997837
51.875222,101.524687,5.175940
52.854000,101.524687,5.381592
53.832778,101.524687,5.618280
54.811556,101.524687,5.889222
55.790333,101.524687,6.196883
56.769111,101.524687,6.542210
57.747889,101.524687,6.923538
58.726667,101.524687,7.335137
59.705444,101.524687,7.765541
60.684222,101.524687,8.196071
61.663000,101.524687,8.600318
62.641778,101.524687,8.945617
63.620556,101.524687,9.197343
64.599333,101.524687,9.325784
65.578111,101.524687,9.313619
66.556889,101.524687,9.160889
67.535667,101.524687,8.884965
68.514444,101.524687,8.515540
69.493222,101.524687,8.087128
70.472000,101.524687,7.632204
71.450778,101.524687,7.176936
72.429556,101.524687,6.739718
73.408333,101.524687,6.331707
74.387111,101.524687,5.958307
75.365889,101.524687,5.620843
76.344667,101.524687,5.318017
77.323444,101.524687,5.047024
78.302222,101.524687,4.804321
79.281000,101.524687,4.586138
80.259778,101.524687,4.388790
81.238556,101.524687,4.208859
82.217333,101.524687,4.043296
83.196111,101.524687,3.889463
84.174889,101.524687,3.745144
85.153667,101.524687,3.608530
86.132444,101.524687,3.478194
87.111222,101.524687,3.353049
88.090000,101.524687,3.232305
89.068778,101.524687,3.115421
0.000000,103.162182,14.057995
0.978778,103.162182,14.200682
1.957556,103.162182,13.849730
2.936333,103.162182,13.090064
3.915111,103.162182,12.073545
4.893889,103.162182,10.956678
5.872667,103.162182,9.858573
6.851444,103.162182,8.850104
7.830222,103.162182,7.962593
8.809000,103.162182,7.201872
9.787778,103.162182,6.560168
10.766556,103.162182,6.023923
11.745333,103.162182,5.578201
12.724111,103.162182,5.208857
13.702889,103.162182,4.903407
14.681667,103.162182,4.651246
15.660444,103.162182,4.443546
16.639222,103.162182,4.273042
17.618000,103.162182,4.133777
18.596778,103.162182,4.020880
19.575556,103.162182,3.930355
20.554333,103.162182,3.858914
21.533111,103.162182,3.803839
22.511889,103.162182,3.762865
23.490667,103.162182,3.734094
24.469444,103.162182,3.715919
25.448222,103.162182,3.706965
26.427000,103.162182,3.706047
27.405778,103.162182,3.712130
28.384556,103.162182,3.724303
29.363333,103.162182,3.741755
30.342111,103.162182,3.763767
31.320889,103.162182,3.789697
32.299667,103.162182,3.818978
33.278444,103.162182,3.851123
34.257222,103.162182,3.885727
35.236000,103.162182,3.922477
36.214778,103.162182,3.961170
37.193556,103.162182,4.001723
38.172333,103.162182,4.044196
39.151111,103.162182,4.088811
40.129889,103.162182,4.135972
41.108667,103.162182,4.186285
42.087444,103.162182,4.240582
43.066222,103.162182,4.299943
44.045000,103.162182,4.365718
45.023778,103.162182,4.439555
46.002556,103.162182,4.523433
46.981333,103.162182,4.619698
47.960111,103.162182,4.731108
48.938889,103.162182,4.860888
49.917667,103.162182,5.012784
50.896444,103.162182,5.191131
51.875222,103.162182,5.400890
52.854000,103.162182,5.647668
53.832778,103.162182,5.937647
54.811556,103.162182,6.277365
55.790333,103.162182,6.673224
56.769111,103.162182,7.130547
57.747889,103.162182,7.651951
58.726667,103.162182,8.234787
59.705444,103.162182,8.867538
60.684222,103.162182,9.525576
61.663000,103.162182,10.167669
62.641778,103.162182,10.735952
63.620556,103.162182,11.162754
64.599333,103.162182,11.385620
65.578111,103.162182,11.366474
66.556889,103.162182,11.105435
67.535667,103.162182,10.640747
68.514444,103.162182,10.034863
69.493222,103.162182,9.355278
70.472000,103.162182,8.659570
71.450778,103.162182,7.988651
72.429556,103.162182,7.366835
73.408333,103.162182,6.805354
74.387111,103.162182,6.306606
75.365889,103.162182,5.867751
76.344667,103.162182,5.483271
77.323444,103.162182,5.146605
78.302222,103.162182,4.851095
79.281000,103.162182,4.590487
80.259778,103.162182,4.359165
81.238556,103.162182,4.152225
82.217333,103.162182,3.965469
83.196111,103.162182,3.795364
84.174889,103.162182,3.638972
85.153667,103.162182,3.493890
86.132444,103.162182,3.358177
87.111222,103.162182,3.230292
88.090000,103.162182,3.109029
0.000000,104.799677,11.273643
0.978778,104.799677,11.373822
1.957556,104.799677,11.175849
2.936333,104.799677,10.720432
3.915111,104.799677,10.084139
4.893889,104.799677,9.353028
5.872667,104.799677,8.601051
6.851444,104.799677,7.880194
7.830222,104.799677,7.220583
8.809000,104.799677,6.635487
9.787778,104.799677,6.127171
10.766556,104.799677,5.691682
11.745333,104.799677,5.322122
12.724111,104.799677,5.010639
13.702889,104.799677,4.749508
14.681667,104.799677,4.531656
15.660444,104.799677,4.350860
16.639222,104.799677,4.201771
17.618000,104.799677,4.079850
18.596778,104.799677,3.981279
19.575556,104.799677,3.902850
20.554333,104.799677,3.841870
21.533111,104.799677,3.796076
22.511889,104.799677,3.763550
23.490667,104.799677,3.742661
24.469444,104.799677,3.732006
25.448222,104.799677,3.730366
26.427000,104.799677,3.736667
27.405778,104.799677,3.749949
28.384556,104.799677,3.769347
29.363333,104.799677,3.794065
30.342111,104.799677,3.823369
31.320889,104.799677,3.856581
32.299667,104.799677,3.893075
33.278444,104.799677,3.932287
34.257222,104.799677,3.973720
35.236000,104.799677,4.016968
36.214778,104.799677,4.061731
37.193556,104.799677,4.107844
38.172333,104.799677,4.155307
39.151111,104.799677,4.204311
40.129889,104.799677,4.255269
41.108667,104.799677,4.308852
42.087444,104.799677,4.366011
43.066222,104.799677,4.428010
44.045000,104.799677,4.496460
45.023778,104.799677,4.573350
46.002556,104.799677,4.661094
46.981333,104.799677,4.762588
47.960111,104.799677,4.881278
48.938889,104.799677,5.021259
49.917667,104.799677,5.187393
50.896444,104.799677,5.385452
51.875222,104.799677,5.622287
52.854000,104.799677,5.905995
53.832778,104.799677,6.246053
54.811556,104.799677,6.653337
55.790333,104.799677,7.139850
56.769111,104.799677,7.717900
57.747889,104.799677,8.398228
58.726667,104.799677,9.186395
59.705444,104.799677,10.076629
60.684222,104.799677,11.042774
61.663000,104.799677,12.027804
62.641778,104.799677,12.937206
63.620556,104.799677,13.645997
64.599333,104.799677,14.027980
65.578111,104.799677,14.001803
66.556889,104.799677,13.567785
67.535667,104.799677,12.807720
68.514444,104.799677,11.847821
69.493222,104.799677,10.812732
70.472000,104.799677,9.796467
71.450778,104.799677,8.855573
72.429556,104.799677,8.015822
73.408333,104.799677,7.282706
74.387111,104.799677,6.650466
75.365889,104.799677,6.108237
76.344667,104.799677,5.643638
77.323444,104.799677,5.244649
78.302222,104.799677,4.900438
79.281000,104.799677,4.601629
80.259778,104.799677,4.340297
81.238556,104.799677,4.109836
82.217333,104.799677,3.904783
83.196111,104.799677,3.720658
84.174889,104.799677,3.553798
85.153667,104.799677,3.401227
86.132444,104.799677,3.260538
87.111222,104.799677,3.129799
88.090000,104.799677,3.007465
0.000000,106.437172,8.984344
0.978778,106.437172,9.057921
1.957556,106.437172,8.957834
2.936333,106.437172,8.702543
3.915111,106.437172,8.328274
4.893889,106.437172,7.878846
5.872667,106.437172,7.395955
6.851444,106.437172,6.913079
7.830222,106.437172,6.453467
8.809000,106.437172,6.030980
9.787778,106.437172,5.652211
10.766556,106.437172,5.318784
11.745333,106.437172,5.029268
12.724111,106.437172,4.780586
13.702889,106.437172,4.568930
14.681667,106.437172,4.390340
15.660444,106.437172,4.241012
16.639222,106.437172,4.117462
17.618000,106.437172,4.016586
18.596778,106.437172,3.935666
19.575556,106.437172,3.872345
20.554333,106.437172,3.824592
21.533111,106.437172,3.790657
22.511889,106.437172,3.769028
23.490667,106.437172,3.758389
24.469444,106.437172,3.757586
25.448222,106.437172,3.765588
26.427000,106.437172,3.781461
27.405778,106.437172,3.804343
28.384556,106.437172,3.833418
29.363333,106.437172,3.867905
30.342111,106.437172,3.907044
31.320889,106.437172,3.950090
32.299667,106.437172,3.996319
33.278444,106.437172,4.045031
34.257222,106.437172,4.095576
35.236000,106.437172,4.147370
36.214778,106.437172,4.199938
37.193556,106.437172,4.252945
38.172333,106.437172,4.306246
39.151111,106.437172,4.359930
40.129889,106.437172,4.414364
41.108667,106.437172,4.470234
42.087444,106.437172,4.528589
43.066222,106.437172,4.590869
44.045000,106.437172,4.658946
45.023778,106.437172,4.735156
46.002556,106.437172,4.822350
46.981333,106.437172,4.923960
47.960111,106.437172,5.044086
48.938889,106.437172,5.187624
49.917667,106.437172,5.360441
50.896444,106.437172,5.569605
51.875222,106.437172,5.823667
52.854000,106.437172,6.133023
53.832778,106.437172,6.510292
54.811556,106.437172,6.970677
55.790333,106.437172,7.532132
56.769111,106.437172,8.214997
57.747889,106.437172,9.040423
58.726667,106.437172,10.026394
59.705444,106.437172,11.179486
60.684222,106.437172,12.480308
61.663000,106.437172,13.862501
62.641778,106.437172,15.192198
63.620556,106.437172,16.267610
64.599333,106.437172,16.865047
65.578111,106.437172,16.831682
66.556889,106.437172,16.168179
67.535667,106.437172,15.028243
68.514444,106.437172,13.635539
69.493222,106.437172,12.191168
70.472000,106.437172,10.828157
71.450778,106.437172,9.612167
72.429556,106.437172,8.562119
73.408333,106.437172,7.671154
74.387111,106.437172,6.921143
75.365889,106.437172,6.290882
76.344667,106.437172,5.760059
77.323444,106.437172,5.310820
78.302222,106.437172,4.928140
79.281000,106.437172,4.599656
80.259778,106.437172,4.315322
81.238556,106.437172,4.067017
82.217333,106.437172,3.848193
83.196111,106.437172,3.653570
84.174889,106.437172,3.478894
85.153667,106.437172,3.320735
86.132444,106.437172,3.176327
87.111222,106.437172,3.043442
0.000000,108.074667,7.272922
0.978778,108.074667,7.331700
1.957556,108.074667,7.288424
2.936333,108.074667,7.151572
3.915111,108.074667,6.938326
4.893889,108.074667,6.670675
5.872667,108.074667,6.371250
6.851444,108.074667,6.060130
7.830222,108.074667,5.753133
8.809000,108.074667,5.461433
9.787778,108.074667,5.192037
10.766556,108.074667,4.948650
11.745333,108.074667,4.732598
12.724111,108.074667,4.543628
13.702889,108.074667,4.380530
14.681667,108.074667,4.241584
15.660444,108.074667,4.124858
16.639222,108.074667,4.028396
17.618000,108.074667,3.950326
18.596778,108.074667,3.888924
19.575556,108.074667,3.842628
20.554333,108.074667,3.810049
21.533111,108.074667,3.789954
22.511889,108.074667,3.781251
23.490667,108.074667,3.782965
24.469444,108.074667,3.794213
25.448222,108.074667,3.814183
26.427000,108.074667,3.842104
27.405778,108.074667,3.877225
28.384556,108.074667,3.918795
29.363333,108.074667,3.966043
30.342111,108.074667,4.018163
31.320889,108.074667,4.074311
32.299667,108.074667,4.133604
33.278444,108.074667,4.195131
34.257222,108.074667,4.257981
35.236000,108.074667,4.321276
36.214778,108.074667,4.384228
37.193556,108.074667,4.446192
38.172333,108.074667,4.506744
39.151111,108.074667,4.565748
40.129889,108.074667,4.623426
41.108667,108.074667,4.680419
42.087444,108.074667,4.737834
43.066222,108.074667,4.797286
44.045000,108.074667,4.860921
45.023778,108.074667,4.931444
46.002556,108.074667,5.012150
46.981333,108.074667,5.106980
47.960111,108.074667,5.220604
48.938889,108.074667,5.358556
49.917667,108.074667,5.527429
50.896444,108.074667,5.735154
51.875222,108.074667,5.991363
52.854000,108.074667,6.307864
53.832778,108.074667,6.699202
54.811556,108.074667,7.183279
55.790333,108.074667,7.781879
56.769111,108.074667,8.520750
57.747889,108.074667,9.428519
58.726667,108.074667,10.532913
59.705444,108.074667,11.851716
60.684222,108.074667,13.374823
61.663000,108.074667,15.035092
62.641778,108.074667,16.674377
63.620556,108.074667,18.031810
64.599333,108.074667,18.799624
65.578111,108.074667,18.759276
66.556889,108.074667,17.911744
67.535667,108.074667,16.476812
68.514444,108.074667,14.762090
69.493222,108.074667,13.027394
70.472000,108.074667,11.429707
71.450778,108.074667,10.035295
72.429556,108.074667,8.853720
73.408333,108.074667,7.866906
74.387111,108.074667,7.046997
75.365889,108.074667,6.365357
76.344667,108.074667,5.796320
77.323444,108.074667,5.318288
78.302222,108.074667,4.913645
79.281000,108.074667,4.568246
80.259778,108.074667,4.270811
81.238556,108.074667,4.012357
82.217333,108.074667,3.785729
83.196111,108.074667,3.585212
84.174889,108.074667,3.406228
85.153667,108.074667,3.245099
86.132444,108.074667,3.098865
0.000000,109.712162,6.032300
0.978778,109.712162,6.083303
1.957556,109.712162,6.072660
2.936333,109.712162,6.004438
3.915111,109.712162,5.887074
4.893889,109.712162,5.731821
5.872667,109.712162,5.550962
6.851444,109.712162,5.356235
7.830222,109.712162,5.157766
8.809000,109.712162,4.963557
9.787778,109.712162,4.779425
10.766556,109.712162,4.609236
11.745333,109.712162,4.455262
12.724111,109.712162,4.318576
13.702889,109.712162,4.199404
14.681667,109.712162,4.097411
15.660444,109.712162,4.011928
16.639222,109.712162,3.942103
17.618000,109.712162,3.887015
18.596778,109.712162,3.845744
19.575556,109.712162,3.817409
20.554333,109.712162,3.801194
21.533111,109.712162,3.796351
22.511889,109.712162,3.802201
23.490667,109.712162,3.818115
24.469444,109.712162,3.843506
25.448222,109.712162,3.877803
26.427000,109.712162,3.920429
27.405778,109.712162,3.970773
28.384556,109.712162,4.028167
29.363333,109.712162,4.091857
30.342111,109.712162,4.160981
31.320889,109.712162,4.234556
32.299667,109.712162,4.311467
33.278444,109.712162,4.390483
34.257222,109.712162,4.470282
35.236000,109.712162,4.549505
36.214778,109.712162,4.626831
37.193556,109.712162,4.701075
38.172333,109.712162,4.771301
39.151111,109.712162,4.836946
40.129889,109.712162,4.897925
41.108667,109.712162,4.954733
42.087444,109.712162,5.008506
43.066222,109.712162,5.061054
44.045000,109.712162,5.114870
45.023778,109.712162,5.173113
46.002556,109.712162,5.239598
46.981333,109.712162,5.318799
47.960111,109.712162,5.415894
48.938889,109.712162,5.536862
49.917667,109.712162,5.688659
50.896444,109.712162,5.879481
51.875222,109.712162,6.119117
52.854000,109.712162,6.419423
53.832778,109.712162,6.794876
54.811556,109.712162,7.263183
55.790333,109.712162,7.845780
56.769111,109.712162,8.567891
57.747889,109.712162,9.457385
58.726667,109.712162,10.540991
59.705444,109.712162,11.835296
60.684222,109.712162,13.329112
61.663000,109.712162,14.955087
62.641778,109.712162,16.557117
63.620556,109.712162,17.879908
64.599333,109.712162,18.624006
65.578111,109.712162,18.577514
66.556889,109.712162,17.741336
67.535667,109.712162,16.328492
68.514444,109.712162,14.638207
69.493222,109.712162,12.924683
70.472000,109.712162,11.342813
71.450778,109.712162,9.959012
72.429556,109.712162,8.783866
73.408333,109.712162,7.800432
74.387111,109.712162,6.981807
75.365889,109.712162,6.300079
76.344667,109.712162,5.730102
77.323444,109.712162,5.250651
78.302222,109.712162,4.844375
79.281000,109.712162,4.497321
80.259778,109.712162,4.198346
81.238556,109.712162,3.938569
82.217333,109.712162,3.710905
83.196111,109.712162,3.509688
84.174889,109.712162,3.330371
85.153667,109.712162,3.169290
86.132444,109.712162,3.023486
0.000000,111.349657,5.135738
0.978778,111.349657,5.182948
1.957556,111.349657,5.191697
2.936333,111.349657,5.164049
3.915111,111.349657,5.104343
4.893889,111.349657,5.018551
5.872667,111.349657,4.913481
6.851444,111.349657,4.796010
7.830222,111.349657,4.672487
8.809000,111.349657,4.548347
9.787778,111.349657,4.427948
10.766556,111.349657,4.314573
11.745333,111.349657,4.210538
12.724111,111.349657,4.117355
13.702889,111.349657,4.035905
14.681667,111.349657,3.966607
15.660444,111.349657,3.909553
16.639222,111.349657,3.864625
17.618000,111.349657,3.831580
18.596778,111.349657,3.810112
19.575556,111.349657,3.799892
20.554333,111.349657,3.800597
21.533111,111.349657,3.811922
22.511889,111.349657,3.833585
23.490667,111.349657,3.865317
24.469444,111.349657,3.906851
25.448222,111.349657,3.957898
26.427000,111.349657,4.018126
27.405778,111.349657,4.087116
28.384556,111.349657,4.164333
29.363333,111.349657,4.249077
30.342111,111.349657,4.340441
31.320889,111.349657,4.437279
32.299667,111.349657,4.538171
33.278444,111.349657,4.641423
34.257222,111.349657,4.745091
35.236000,111.349657,4.847044
36.214778,111.349657,4.945074
37.193556,111.349657,5.037061
38.172333,111.349657,5.121156
39.151111,111.349657,5.196004
40.129889,111.349657,5.260939
41.108667,111.349657,5.316149
42.087444,111.349657,5.362777
43.066222,111.349657,5.402938
44.045000,111.349657,5.439674
45.023778,111.349657,5.476852
46.002556,111.349657,5.519052
46.981333,111.349657,5.571460
47.960111,111.349657,5.639827
48.938889,111.349657,5.730480
49.917667,111.349657,5.850432
50.896444,111.349657,6.007576
51.875222,111.349657,6.210961
52.854000,111.349657,6.471144
53.832778,111.349657,6.800579
54.811556,111.349657,7.213965
55.790333,111.349657,7.728381
56.769111,111.349657,8.362873
57.747889,111.349657,9.136843
58.726667,111.349657,10.066091
59.705444,111.349657,11.154838
60.684222,111.349657,12.381946
61.663000,111.349657,13.681581
62.641778,111.349657,14.925117
63.620556,111.349657,15.922426
64.599333,111.349657,16.465570
65.578111,111.349657,16.413620
66.556889,111.349657,15.767059
67.535667,111.349657,14.667374
68.514444,111.349657,13.322246
69.493222,111.349657,11.920936
70.472000,111.349657,10.591044
71.450778,111.349657,9.397515
72.429556,111.349657,8.360812
73.408333,111.349657,7.476242
74.387111,111.349657,6.727695
75.365889,111.349657,6.095603
76.344667,111.349657,5.560902
77.323444,111.349657,5.106665
78.302222,111.349657,4.718550
79.281000,111.349657,4.384706
80.259778,111.349657,4.095462
81.238556,111.349657,3.842975
82.217333,111.349657,3.620898
83.196111,111.349657,3.424091
84.174889,111.349657,3.248383
85.153667,111.349657,3.090383
0.000000,112.987152,4.483050
0.978778,112.987152,4.528789
1.957556,112.987152,4.549785
2.936333,112.987152,4.547146
3.915111,112.987152,4.523219
4.893889,112.987152,4.481308
5.872667,112.987152,4.425308
6.851444,112.987152,4.359324
7.830222,112.987152,4.287343
8.809000,112.987152,4.212996
9.787778,112.987152,4.139410
10.766556,112.987152,4.069152
11.745333,112.987152,4.004239
12.724111,112.987152,3.946195
13.702889,112.987152,3.896124
14.681667,112.987152,3.854800
15.660444,112.987152,3.822744
16.639222,112.987152,3.800297
17.618000,112.987152,3.787682
18.596778,112.987152,3.785052
19.575556,112.987152,3.792520
20.554333,112.987152,3.810191
21.533111,112.987152,3.838169
22.511889,112.987152,3.876567
23.490667,112.987152,3.925500
24.469444,112.987152,3.985070
25.448222,112.987152,4.055344
26.427000,112.987152,4.136318
27.405778,112.987152,4.227871
28.384556,112.987152,4.329704
29.363333,112.987152,4.441273
30.342111,112.987152,4.561705
31.320889,112.987152,4.689717
32.299667,112.987152,4.823540
33.278444,112.987152,4.960867
34.257222,112.987152,5.098846
35.236000,112.987152,5.234140
36.214778,112.987152,5.363081
37.193556,112.987152,5.481918
38.172333,112.987152,5.587165
39.151111,112.987152,5.675998
40.129889,112.987152,5.746653
41.108667,112.987152,5.798738
42.087444,112.987152,5.833413
43.066222,112.987152,5.853383
44.045000,112.987152,5.862733
45.023778,112.987152,5.866637
46.002556,112.987152,5.871028
46.981333,112.987152,5.882302
47.960111,112.987152,5.907101
48.938889,112.987152,5.952210
49.917667,112.987152,6.024581
50.896444,112.987152,6.131445
51.875222,112.987152,6.280504
52.854000,112.987152,6.480146
53.832778,112.987152,6.739635
54.811556,112.987152,7.069163
55.790333,112.987152,7.479617
56.769111,112.987152,7.981774
57.747889,112.987152,8.584492
58.726667,112.987152,9.291263
59.705444,112.987152,10.094488
60.684222,112.987152,10.967285
61.663000,112.987152,11.854376
62.641778,112.987152,12.666969
63.620556,112.987152,13.290125
64.599333,112.987152,13.609502
65.578111,112.987152,13.551986
66.556889,112.987152,13.117643
67.535667,112.987152,12.379550
68.514444,112.987152,11.451642
69.493222,112.987152,10.448128
70.472000,112.987152,9.456922
71.450778,112.987152,8.532439
72.429556,112.987152,7.700794
73.408333,112.987152,6.968933
74.387111,112.987152,6.332834
75.365889,112.987152,5.783244
76.344667,112.987152,5.309150
77.323444,112.987152,4.899631
78.302222,112.987152,4.544727
79.281000,112.987152,4.235748
80.259778,112.987152,3.965302
81.238556,112.987152,3.727187
82.217333,112.987152,3.516246
83.196111,112.987152,3.328206
84.174889,112.987152,3.159528
85.153667,112.987152,3.007286
0.000000,114.624646,4.003432
0.978778,114.624646,4.049160
1.957556,114.624646,4.078550
2.936333,114.624646,4.092225
3.915111,114.624646,4.091518
4.893889,114.624646,4.078337
5.872667,114.624646,4.054988
6.851444,114.624646,4.023988
7.830222,114.624646,3.987881
8.809000,114.624646,3.949102
9.787778,114.624646,3.909867
10.766556,114.624646,3.872122
11.745333,114.624646,3.837522
12.724111,114.624646,3.807442
13.702889,114.624646,3.783005
14.681667,114.624646,3.765126
15.660444,114.624646,3.754555
16.639222,114.624646,3.751918
17.618000,114.624646,3.757764
18.596778,114.624646,3.772594
19.575556,114.624646,3.796892
20.554333,114.624646,3.831143
21.533111,114.624646,3.875852
22.511889,114.624646,3.931544
23.490667,114.624646,3.998766
24.469444,114.624646,4.078070
25.448222,114.624646,4.169992
26.427000,114.624646,4.275005
27.405778,114.624646,4.393459
28.384556,114.624646,4.525499
29.363333,114.624646,4.670951
30.342111,114.624646,4.829182
31.320889,114.624646,4.998939
32.299667,114.624646,5.178170
33.278444,114.624646,5.363865
34.257222,114.624646,5.551939
35.236000,114.624646,5.737236
36.214778,114.624646,5.913693
37.193556,114.624646,6.074722
38.172333,114.624646,6.213831
39.151111,114.624646,6.325407
40.129889,114.624646,6.405550
41.108667,114.624646,6.452759
42.087444,114.624646,6.468293
43.066222,114.624646,6.456120
44.045000,114.624646,6.422464
45.023778,114.624646,6.375098
46.002556,114.624646,6.322558
46.981333,114.624646,6.273467
47.960111,114.624646,6.236062
48.938889,114.624646,6.217961
49.917667,114.624646,6.226130
50.896444,114.624646,6.267000
51.875222,114.624646,6.346650
52.854000,114.624646,6.470979
53.832778,114.624646,6.645800
54.811556,114.624646,6.876766
55.790333,114.624646,7.168996
56.769111,114.624646,7.526255
57.747889,114.624646,7.949474
58.726667,114.624646,8.434430
59.705444,114.624646,8.968530
60.684222,114.624646,9.527155
61.663000,114.624646,10.070843
62.641778,114.624646,10.545736
63.620556,114.624646,10.890051
64.599333,114.624646,11.047494
65.578111,114.624646,10.983896
66.556889,114.624646,10.699043
67.535667,114.624646,10.226614
68.514444,114.624646,9.622262
69.493222,114.624646,8.946967
70.472000,114.624646,8.253677
71.450778,114.624646,7.580896
72.429556,114.624646,6.952294
73.408333,114.624646,6.379542
74.387111,114.624646,5.866007
75.365889,114.624646,5.409984
76.344667,114.624646,5.007077
77.323444,114.624646,4.651739
78.302222,114.624646,4.338198
79.281000,114.624646,4.060955
80.259778,114.624646,3.815017
81.238556,114.624646,3.595981
82.217333,114.624646,3.400029
83.196111,114.624646,3.223893
84.174889,114.624646,3.064787
0.000000,116.262141,3.648571
0.978778,116.262141,3.695323
1.957556,116.262141,3.731066
2.936333,116.262141,3.756165
3.915111,116.262141,3.771405
4.893889,116.262141,3.777929
5.872667,116.262141,3.777152
6.851444,116.262141,3.770659
7.830222,116.262141,3.760112
8.809000,116.262141,3.747167
9.787778,116.262141,3.733405
10.766556,116.262141,3.720298
11.745333,116.262141,3.709177
12.724111,116.262141,3.701238
13.702889,116.262141,3.697546
14.681667,116.262141,3.699057
15.660444,116.262141,3.706645
16.639222,116.262141,3.721126
17.618000,116.262141,3.743287
18.596778,116.262141,3.773914
19.575556,116.262141,3.813817
20.554333,116.262141,3.863846
21.533111,116.262141,3.924912
22.511889,116.262141,3.997994
23.490667,116.262141,4.084144
24.469444,116.262141,4.184480
25.448222,116.262141,4.300164
26.427000,116.262141,4.432364
27.405778,116.262141,4.582180
28.384556,116.262141,4.750539
29.363333,116.262141,4.938039
30.342111,116.262141,5.144729
31.320889,116.262141,5.369819
32.299667,116.262141,5.611330
33.278444,116.262141,5.865693
34.257222,116.262141,6.127382
35.236000,116.262141,6.388672
36.214778,116.262141,6.639682
37.193556,116.262141,6.868882
38.172333,116.262141,7.064163
39.151111,116.262141,7.214435
40.129889,116.262141,7.311474
41.108667,116.262141,7.351532
42.087444,116.262141,7.336206
43.066222,116.262141,7.272258
44.045000,116.262141,7.170459
45.023778,116.262141,7.043865
46.002556,116.262141,6.906044
46.981333,116.262141,6.769688
47.960111,116.262141,6.645776
48.938889,116.262141,6.543290
49.917667,116.262141,6.469309
50.896444,116.262141,6.429315
51.875222,116.262141,6.427559
52.854000,116.262141,6.467368
53.832778,116.262141,6.551316
54.811556,116.262141,6.681205
55.790333,116.262141,6.857787
56.769111,116.262141,7.080194
57.747889,116.262141,7.345011
58.726667,116.262141,7.645032
59.705444,116.262141,7.967843
60.684222,116.262141,8.294621
61.663000,116.262141,8.599843
62.641778,116.262141,8.852788
63.620556,116.262141,9.021468
64.599333,116.262141,9.078688
65.578111,116.262141,9.008525
66.556889,116.262141,8.810582
67.535667,116.262141,8.499951
68.514444,116.262141,8.102924
69.493222,116.262141,7.650484
70.472000,116.262141,7.172250
71.450778,116.262141,6.692553
72.429556,116.262141,6.228958
73.408333,116.262141,5.792563
74.387111,116.262141,5.389225
75.365889,116.262141,5.021009
76.344667,116.262141,4.687490
77.323444,116.262141,4.386769
78.302222,116.262141,4.116181
79.281000,116.262141,3.872769
80.259778,116.262141,3.653564
81.238556,116.262141,3.455754
82.217333,116.262141,3.276762
83.196111,116.262141,3.114276
0.000000,117.899636,3.385738
0.978778,117.899636,3.434362
1.957556,117.899636,3.475474
2.936333,117.899636,3.509283
3.915111,117.899636,3.536262
4.893889,117.899636,3.557111
5.872667,117.899636,3.572719
6.851444,117.899636,3.584110
7.830222,117.899636,3.592390
8.809000,117.899636,3.598708
9.787778,117.899636,3.604209
10.766556,117.899636,3.610013
11.745333,117.899636,3.617201
12.724111,117.899636,3.626805
13.702889,117.899636,3.639816
14.681667,117.899636,3.657196
15.660444,117.899636,3.679891
16.639222,117.899636,3.708856
17.618000,117.899636,3.745074
18.596778,117.899636,3.789583
19.575556,117.899636,3.843495
20.554333,117.899636,3.908025
21.533111,117.899636,3.984512
22.511889,117.899636,4.074438
23.490667,117.899636,4.179449
24.469444,117.899636,4.301364
25.448222,117.899636,4.442169
26.427000,117.899636,4.604001
27.405778,117.899636,4.789087
28.384556,117.899636,4.999637
29.363333,117.899636,5.237662
30.342111,117.899636,5.504676
31.320889,117.899636,5.801254
32.299667,117.899636,6.126413
33.278444,117.899636,6.476798
34.257222,117.899636,6.845754
35.236000,117.899636,7.222425
36.214778,117.899636,7.591237
37.193556,117.899636,7.932238
38.172333,117.899636,8.222778
39.151111,117.899636,8.440723
40.129889,117.899636,8.568706
41.108667,117.899636,8.598173
42.087444,117.899636,8.531638
43.066222,117.899636,8.382171
44.045000,117.899636,8.170353
45.023778,117.899636,7.919992
46.002556,117.899636,7.654156
46.981333,117.899636,7.392516
47.960111,117.899636,7.150200
48.938889,117.899636,6.937832
49.917667,117.899636,6.762227
50.896444,117.899636,6.627300
51.875222,117.899636,6.534910
52.854000,117.899636,6.485506
53.832778,117.899636,6.478519
54.811556,117.899636,6.512510
55.790333,117.899636,6.585080
56.769111,117.899636,6.692573
57.747889,117.899636,6.829615
58.726667,117.899636,6.988562
59.705444,117.899636,7.159004
60.684222,117.899636,7.327547
61.663000,117.899636,7.478160
62.641778,117.899636,7.593346
63.620556,117.899636,7.656194
64.599333,117.899636,7.653036
65.578111,117.899636,7.575983
66.556889,117.899636,7.424496
67.535667,117.899636,7.205361
68.514444,117.899636,6.931083
69.493222,117.899636,6.617306
70.472000,117.899636,6.280142
71.450778,117.899636,5.934090
72.429556,117.899636,5.590854
73.408333,117.899636,5.258988
74.387111,117.899636,4.944108
75.365889,117.899636,4.649404
76.344667,117.899636,4.376232
77.323444,117.899636,4.124662
78.302222,117.899636,3.893929
79.281000,117.899636,3.682775
80.259778,117.899636,3.489686
81.238556,117.899636,3.313062
82.217333,117.899636,3.151313
83.196111,117.899636,3.002928
0.000000,119.537131,3.192702
0.978778,119.537131,3.244010
1.957556,119.537131,3.290175
2.936333,119.537131,3.331306
3.915111,119.537131,3.367676
4.893889,119.537131,3.399712
5.872667,119.537131,3.427970
6.851444,119.537131,3.453113
7.830222,119.537131,3.475886
8.809000,119.537131,3.497092
9.787778,119.537131,3.517569
10.766556,119.537131,3.538183
11.745333,119.537131,3.559817
12.724111,119.537131,3.583372
13.702889,119.537131,3.609769
14.681667,119.537131,3.639965
15.660444,119.537131,3.674962
16.639222,119.537131,3.715829
17.618000,119.537131,3.763722
18.596778,119.537131,3.819910
19.575556,119.537131,3.885800
20.554333,119.537131,3.962974
21.533111,119.537131,4.053217
22.511889,119.537131,4.158560
23.490667,119.537131,4.281320
24.469444,119.537131,4.424138
25.448222,119.537131,4.590022
26.427000,119.537131,4.782364
27.405778,119.537131,5.004941
28.384556,119.537131,5.261857
29.363333,119.537131,5.557389
30.342111,119.537131,5.895679
31.320889,119.537131,6.280173
32.299667,119.537131,6.712710
33.278444,119.537131,7.192116
34.257222,119.537131,7.712277
35.236000,119.537131,8.259794
36.214778,119.537131,8.811781
37.193556,119.537131,9.334896
38.172333,119.537131,9.787219
39.151111,119.537131,10.124305
40.129889,119.537131,10.309040
41.108667,119.537131,10.322147
42.087444,119.537131,10.168433
43.066222,119.537131,9.875325
44.045000,119.537131,9.484533
45.023778,119.537131,9.041262
46.002556,119.537131,8.585522
46.981333,119.537131,8.147668
47.960111,119.537131,7.747742
48.938889,119.537131,7.397043
49.917667,119.537131,7.100458
50.896444,119.537131,6.858652
51.875222,119.537131,6.669753
52.854000,119.537131,6.530477
53.832778,119.537131,6.436779
54.811556,119.537131,6.384142
55.790333,119.537131,6.367619
56.769111,119.537131,6.381694
57.747889,119.537131,6.420066
58.726667,119.537131,6.475418
59.705444,119.537131,6.539272
60.684222,119.537131,6.602034
61.663000,119.537131,6.653337
62.641778,119.537131,6.682733
63.620556,119.537131,6.680699
64.599333,119.537131,6.639786
65.578111,119.537131,6.555647
66.556889,119.537131,6.427630
67.535667,119.537131,6.258754
68.514444,119.537131,6.055063
69.493222,119.537131,5.824548
70.472000,119.537131,5.575950
71.450778,119.537131,5.317705
72.429556,119.537131,5.057207
73.408333,119.537131,4.800416
74.387111,119.537131,4.551769
75.365889,119.537131,4.314290
76.344667,119.537131,4.089812
77.323444,119.537131,3.879228
78.302222,119.537131,3.682741
79.281000,119.537131,3.500066
80.259778,119.537131,3.330606
81.238556,119.537131,3.173575
82.217333,119.537131,3.028090
0.000000,121.174626,3.054303
0.978778,121.174626,3.109171
1.957556,121.174626,3.160565
2.936333,121.174626,3.208512
3.915111,121.174626,3.253144
4.893889,121.174626,3.294696
5.872667,121.174626,3.333491
6.851444,121.174626,3.369942
7.830222,121.174626,3.404530
8.809000,121.174626,3.437806
9.787778,121.174626,3.470378
10.766556,121.174626,3.502913
11.745333,121.174626,3.536137
12.724111,121.174626,3.570838
13.702889,121.174626,3.607879
14.681667,121.174626,3.648209
15.660444,121.174626,3.692877
16.639222,121.174626,3.743054
17.618000,121.174626,3.800054
18.596778,121.174626,3.865363
19.575556,121.174626,3.940676
20.554333,121.174626,4.027930
21.533111,121.174626,4.129361
22.511889,121.174626,4.247561
23.490667,121.174626,4.385550
24.469444,121.174626,4.546860
25.448222,121.174626,4.735635
26.427000,121.174626,4.956730
27.405778,121.174626,5.215808
28.384556,121.174626,5.519408
29.363333,121.174626,5.874931
30.342111,121.174626,6.290452
31.320889,121.174626,6.774222
32.299667,121.174626,7.333603
33.278444,121.174626,7.973112
34.257222,121.174626,8.691155
35.236000,121.174626,9.475221
36.214778,121.174626,10.295906
37.193556,121.174626,11.101656
38.172333,121.174626,11.818288
39.151111,121.174626,12.358535
40.129889,121.174626,12.643733
41.108667,121.174626,12.630927
42.087444,121.174626,12.330282
43.066222,121.174626,11.800913
44.045000,121.174626,11.128088
45.023778,121.174626,10.396644
46.002556,121.174626,9.673455
46.981333,121.174626,9.002056
47.960111,121.174626,8.405434
48.938889,121.174626,7.891879
49.917667,121.174626,7.460636
50.896444,121.174626,7.106122
51.875222,121.174626,6.820627
52.854000,121.174626,6.595841
53.832778,121.174626,6.423601
54.811556,121.174626,6.296160
55.790333,121.174626,6.206184
56.769111,121.174626,6.146616
57.747889,121.174626,6.110492
58.726667,121.174626,6.090787
59.705444,121.174626,6.080325
60.684222,121.174626,6.071822
61.663000,121.174626,6.058072
62.641778,121.174626,6.032295
63.620556,121.174626,5.988589
64.599333,121.174626,5.922430
65.578111,121.174626,5.831075
66.556889,121.174626,5.713795
67.535667,121.174626,5.571833
68.514444,121.174626,5.408120
69.493222,121.174626,5.226793
70.472000,121.174626,5.032626
71.450778,121.174626,4.830502
72.429556,121.174626,4.624978
73.408333,121.174626,4.420002
74.387111,121.174626,4.218775
75.365889,121.174626,4.023721
76.344667,121.174626,3.836549
77.323444,121.174626,3.658342
78.302222,121.174626,3.489684
79.281000,121.174626,3.330767
80.259778,121.174626,3.181496
81.238556,121.174626,3.041575
0.000000,122.812121,2.960204
0.978778,122.812121,3.019662
1.957556,122.812121,3.076885
2.936333,122.812121,3.131820
3.915111,122.812121,3.184481
4.893889,122.812121,3.234942
5.872667,122.812121,3.283343
6.851444,122.812121,3.329886
7.830222,122.812121,3.374842
8.809000,122.812121,3.418545
9.787778,122.812121,3.461408
10.766556,122.812121,3.503920
11.745333,122.812121,3.546665
12.724111,122.812121,3.590328
13.702889,122.812121,3.635713
14.681667,122.812121,3.683757
15.660444,122.812121,3.735550
16.639222,122.812121,3.792354
17.618000,122.812121,3.855631
18.596778,122.812121,3.927072
19.575556,122.812121,4.008634
20.554333,122.812121,4.102593
21.533111,122.812121,4.211601
22.511889,122.812121,4.338775
23.490667,122.812121,4.487796
24.469444,122.812121,4.663042
25.448222,122.812121,4.869756
26.427000,122.812121,5.114245
27.405778,122.812121,5.404109
28.384556,122.812121,5.748498
29.363333,122.812121,6.158334
30.342111,122.812121,6.646427
31.320889,122.812121,7.227292
32.299667,122.812121,7.916318
33.278444,122.812121,8.727659
34.257222,122.812121,9.669910
35.236000,122.812121,10.738337
36.214778,122.812121,11.902952
37.193556,122.812121,13.094132
38.172333,122.812121,14.193205
39.151111,122.812121,15.042298
40.129889,122.812121,15.485959
41.108667,122.812121,15.434602
42.087444,122.812121,14.909294
43.066222,122.812121,14.030775
44.045000,122.812121,12.962288
45.023778,122.812121,11.850691
46.002556,122.812121,10.796819
46.981333,122.812121,9.854479
47.960111,122.812121,9.042990
48.938889,122.812121,8.361144
49.917667,122.812121,7.797630
50.896444,122.812121,7.337397
51.875222,122.812121,6.965022
52.854000,122.812121,6.666228
53.832778,122.812121,6.428384
54.811556,122.812121,6.240504
55.790333,122.812121,6.093029
56.769111,122.812121,5.977535
57.747889,122.812121,5.886466
58.726667,122.812121,5.812906
59.705444,122.812121,5.750443
60.684222,122.812121,5.693114
61.663000,122.812121,5.635451
62.641778,122.812121,5.572601
63.620556,122.812121,5.500501
64.599333,122.812121,5.416066
65.578111,122.812121,5.317337
66.556889,122.812121,5.203550
67.535667,122.812121,5.075090
68.514444,122.812121,4.933346
69.493222,122.812121,4.780469
70.472000,122.812121,4.619091
71.450778,122.812121,4.452045
72.429556,122.812121,4.282113
73.408333,122.812121,4.111847
74.387111,122.812121,3.943445
75.365889,122.812121,3.778701
76.344667,122.812121,3.618991
77.323444,122.812121,3.465304
78.302222,122.812121,3.318292
79.281000,122.812121,3.178318
80.259778,122.812121,3.045523
81.238556,122.812121,2.919870
0.000000,124.449616,2.903414
0.978778,124.449616,2.968741
1.957556,124.449616,3.032825
2.936333,124.449616,3.095533
3.915111,124.449616,3.156755
4.893889,124.449616,3.216415
5.872667,124.449616,3.274469
6.851444,124.449616,3.330920
7.830222,124.449616,3.385825
8.809000,124.449616,3.439306
9.787778,124.449616,3.491568
10.766556,124.449616,3.542919
11.745333,124.449616,3.593786
12.724111,124.449616,3.644740
13.702889,124.449616,3.696512
14.681667,124.449616,3.750020
15.660444,124.449616,3.806386
16.639222,124.449616,3.866958
17.618000,124.449616,3.933336
18.596778,124.449616,4.007401
19.575556,124.449616,4.091351
20.554333,124.449616,4.187757
21.533111,124.449616,4.299630
22.511889,124.449616,4.430515
23.490667,124.449616,4.584624
24.469444,124.449616,4.766999
25.448222,124.449616,4.983738
26.427000,124.449616,5.242280
27.405778,124.449616,5.551756
28.384556,124.449616,5.923426
29.363333,124.449616,6.371157
30.342111,124.449616,6.911897
31.320889,124.449616,7.565948
32.299667,124.449616,8.356657
33.278444,124.449616,9.308711
34.257222,124.449616,10.443557
35.236000,124.449616,11.769571
36.214778,124.449616,13.264271
37.193556,124.449616,14.848315
38.172333,124.449616,16.360480
39.151111,124.449616,17.560010
40.129889,124.449616,18.189805
41.108667,124.449616,18.094355
42.087444,124.449616,17.310470
43.066222,124.449616,16.044594
44.045000,124.449616,14.559577
45.023778,124.449616,13.070886
46.002556,124.449616,11.708091
46.981333,124.449616,10.526519
47.960111,124.449616,9.534671
48.938889,124.449616,8.717617
49.917667,124.449616,8.051643
50.896444,124.449616,7.511857
51.875222,124.449616,7.075492
52.854000,124.449616,6.722968
53.832778,124.449616,6.437915
54.811556,124.449616,6.206778
55.790333,124.449616,6.018321
56.769111,124.449616,5.863150
57.747889,124.449616,5.733314
58.726667,124.449616,5.621991
59.705444,124.449616,5.523268
60.684222,124.449616,5.431999
61.663000,124.449616,5.343740
62.641778,124.449616,5.254737
63.620556,124.449616,5.161950
64.599333,124.449616,5.063093
65.578111,124.449616,4.956656
66.556889,124.449616,4.841906
67.535667,124.449616,4.718834
68.514444,124.449616,4.588061
69.493222,124.449616,4.450710
70.472000,124.449616,4.308246
71.450778,124.449616,4.162323
72.429556,124.449616,4.014640
73.408333,124.449616,3.866826
74.387111,124.449616,3.720351
75.365889,124.449616,3.576474
76.344667,124.449616,3.436224
77.323444,124.449616,3.300393
78.302222,124.449616,3.169554
79.281000,124.449616,3.044086
80.259778,124.449616,2.924198
0.000000,126.087111,2.879298
0.978778,126.087111,2.952119
1.957556,126.087111,3.024601
2.936333,126.087111,3.096512
3.915111,126.087111,3.167608
4.893889,126.087111,3.237641
5.872667,126.087111,3.306365
6.851444,126.087111,3.373552
7.830222,126.087111,3.439007
8.809000,126.087111,3.502597
9.787778,126.087111,3.564275
10.766556,126.087111,3.624118
11.745333,126.087111,3.682354
12.724111,126.087111,3.739400
13.702889,126.087111,3.795890
14.681667,126.087111,3.852705
15.660444,126.087111,3.910992
16.639222,126.087111,3.972188
17.618000,126.087111,4.038034
18.596778,126.087111,4.110599
19.575556,126.087111,4.192310
20.554333,126.087111,4.285992
21.533111,126.087111,4.394937
22.511889,126.087111,4.522993
23.490667,126.087111,4.674700
24.469444,126.087111,4.855467
25.448222,126.087111,5.071819
26.427000,126.087111,5.331715
27.405778,126.087111,5.644959
28.384556,126.087111,6.023712
29.363333,126.087111,6.483098
30.342111,126.087111,7.041843
31.320889,126.087111,7.722800
32.299667,126.087111,8.552951
33.278444,126.087111,9.562030
34.257222,126.087111,10.778075
35.236000,126.087111,12.216995
36.214778,126.087111,13.862275
37.193556,126.087111,15.633020
38.172333,126.087111,17.349443
39.151111,126.087111,18.728293
40.129889,126.087111,19.455779
41.108667,126.087111,19.337907
42.087444,126.087111,18.420740
43.066222,126.087111,16.960067
44.045000,126.087111,15.272831
45.023778,126.087111,13.608046
46.002556,126.087111,12.106307
46.981333,126.087111,10.820585
47.960111,126.087111,9.752121
48.938889,126.087111,8.878374
49.917667,126.087111,8.169325
50.896444,126.087111,7.595339
51.875222,126.087111,7.130237
52.854000,126.087111,6.752053
53.832778,126.087111,6.442785
54.811556,126.087111,6.187814
55.790333,126.087111,5.975283
56.769111,126.087111,5.795535
57.747889,126.087111,5.640659
58.726667,126.087111,5.504130
59.705444,126.087111,5.380539
60.684222,126.087111,5.265405
61.663000,126.087111,5.155037
62.641778,126.087111,5.046450
63.620556,126.087111,4.937306
64.599333,126.087111,4.825877
65.578111,126.087111,4.711012
66.556889,126.087111,4.592092
67.535667,126.087111,4.468983
68.514444,126.087111,4.341956
69.493222,126.087111,4.211615
70.472000,126.087111,4.078798
71.450778,126.087111,3.944489
72.429556,126.087111,3.809730
73.408333,126.087111,3.675552
74.387111,126.087111,3.542917
75.365889,126.087111,3.412678
76.344667,126.087111,3.285555
77.323444,126.087111,3.162129
78.302222,126.087111,3.042841
79.281000,126.087111,2.928002
80.259778,126.087111,2.817807
0.000000,127.724606,2.884876
0.978778,127.724606,2.967285
1.957556,127.724606,3.050313
2.936333,127.724606,3.133619
3.915111,127.724606,3.216802
4.893889,127.724606,3.299409
5.872667,127.724606,3.380937
6.851444,127.724606,3.460862
7.830222,127.724606,3.538658
8.809000,127.724606,3.613841
9.787778,127.724606,3.686016
10.766556,127.724606,3.754926
11.745333,127.724606,3.820513
12.724111,127.724606,3.882965
13.702889,127.724606,3.942770
14.681667,127.724606,4.000748
15.660444,127.724606,4.058077
16.639222,127.724606,4.116304
17.618000,127.724606,4.177350
18.596778,127.724606,4.243510
19.575556,127.724606,4.317460
20.554333,127.724606,4.402277
21.533111,127.724606,4.501476
22.511889,127.724606,4.619089
23.490667,127.724606,4.759769
24.469444,127.724606,4.928957
25.448222,127.724606,5.133100
26.427000,127.724606,5.379942
27.405778,127.724606,5.678894
28.384556,127.724606,6.041478
29.363333,127.724606,6.481842
30.342111,127.724606,7.017255
31.320889,127.724606,7.668433
32.299667,127.724606,8.459270
33.278444,127.724606,9.415193
34.257222,127.724606,10.558583
35.236000,127.724606,11.898850
36.214778,127.724606,13.414260
37.193556,127.724606,15.025056
38.172333,127.724606,16.567114
39.151111,127.724606,17.793398
40.129889,127.724606,18.438637
41.108667,127.724606,18.341784
42.087444,127.724606,17.540783
43.066222,127.724606,16.248838
44.045000,127.724606,14.736312
45.023778,127.724606,13.223334
46.002556,127.724606,11.840885
46.981333,127.724606,10.643674
47.960111,127.724606,9.638765
48.938889,127.724606,8.809662
49.917667,127.724606,8.131235
50.896444,127.724606,7.577393
51.875222,127.724606,7.124408
52.854000,127.724606,6.751962
53.832778,127.724606,6.443182
54.811556,127.724606,6.184266
55.790333,127.724606,5.964005
56.769111,127.724606,5.773338
57.747889,127.724606,5.604951
58.726667,127.724606,5.452961
59.705444,127.724606,5.312656
60.684222,127.724606,5.180288
61.663000,127.724606,5.052914
62.641778,127.724606,4.928265
63.620556,127.724606,4.804651
64.599333,127.724606,4.680879
65.578111,127.724606,4.556184
66.556889,127.724606,4.430171
67.535667,127.724606,4.302758
68.514444,127.724606,4.174121
69.493222,127.724606,4.044635
70.472000,127.724606,3.914817
71.450778,127.724606,3.785273
72.429556,127.724606,3.656650
73.408333,127.724606,3.529593
74.387111,127.724606,3.404708
75.365889,127.724606,3.282539
76.344667,127.724606,3.163556
77.323444,127.724606,3.048138
78.302222,127.724606,2.936579
79.281000,127.724606,2.829087
0.000000,129.362101,2.918275
0.978778,129.362101,3.012959
1.957556,129.362101,3.109453
2.936333,129.362101,3.207300
3.915111,129.362101,3.305918
4.893889,129.362101,3.404597
5.872667,129.362101,3.502505
6.851444,129.362101,3.598711
7.830222,129.362101,3.692220
8.809000,129.362101,3.782033
9.787778,129.362101,3.867224
10.766556,129.362101,3.947024
11.745333,129.362101,4.020918
12.724111,129.362101,4.088737
13.702889,129.362101,4.150734
14.681667,129.362101,4.207641
15.660444,129.362101,4.260690
16.639222,129.362101,4.311616
17.618000,129.362101,4.362626
18.596778,129.362101,4.416360
19.575556,129.362101,4.475854
20.554333,129.362101,4.544506
21.533111,129.362101,4.626079
22.511889,129.362101,4.724724
23.490667,129.362101,4.845058
24.469444,129.362101,4.992276
25.448222,129.362101,5.172318
26.427000,129.362101,5.392083
27.405778,129.362101,5.659683
28.384556,129.362101,5.984731
29.363333,129.362101,6.378605
30.342111,129.362101,6.854615
31.320889,129.362101,7.427871
32.299667,129.362101,8.114503
33.278444,129.362101,8.929583
34.257222,129.362101,9.882746
35.236000,129.362101,10.970198
36.214778,129.362101,12.162224
37.193556,129.362101,13.387816
38.172333,129.362101,14.524080
39.151111,129.362101,15.405752
40.129889,129.362101,15.868794
41.108667,129.362101,15.818090
42.087444,129.362101,15.275626
43.066222,129.362101,14.368639
44.045000,129.362101,13.268219
45.023778,129.362101,12.126761
46.002556,129.362101,11.047302
46.981333,129.362101,10.083311
47.960111,129.362101,9.252417
48.938889,129.362101,8.551223
49.917667,129.362101,7.966189
50.896444,129.362101,7.480204
51.875222,129.362101,7.076050
52.854000,129.362101,6.737984
53.832778,129.362101,6.452311
54.811556,129.362101,6.207468
55.790333,129.362101,5.993890
56.769111,129.362101,5.803797
57.747889,129.362101,5.630970
58.726667,129.362101,5.470526
59.705444,129.362101,5.318715
60.684222,129.362101,5.172725
61.663000,129.362101,5.030513
62.641778,129.362101,4.890653
63.620556,129.362101,4.752207
64.599333,129.362101,4.614617
65.578111,129.362101,4.477613
66.556889,129.362101,4.341149
67.535667,129.362101,4.205343
68.514444,129.362101,4.070433
69.493222,129.362101,3.936739
70.472000,129.362101,3.804632
71.450778,129.362101,3.674509
72.429556,129.362101,3.546766
73.408333,129.362101,3.421782
74.387111,129.362101,3.299904
75.365889,129.362101,3.181433
76.344667,129.362101,3.066620
77.323444,129.362101,2.955662
78.302222,129.362101,2.848698
0.000000,130.999596,2.978225
0.978778,130.999596,3.088599
1.957556,130.999596,3.202434
2.936333,130.999596,3.319175
3.915111,130.999596,3.438047
4.893889,130.999596,3.558035
5.872667,130.999596,3.677877
6.851444,130.999596,3.796077
7.830222,130.999596,3.910951
8.809000,130.999596,4.020712
9.787778,130.999596,4.123588
10.766556,130.999596,4.217969
11.745333,130.999596,4.302582
12.724111,130.999596,4.376653
13.702889,130.999596,4.440048
14.681667,130.999596,4.493371
15.660444,130.999596,4.537986
16.639222,130.999596,4.575991
17.618000,130.999596,4.610124
18.596778,130.999596,4.643648
19.575556,130.999596,4.680220
20.554333,130.999596,4.723784
21.533111,130.999596,4.778493
22.511889,130.999596,4.848681
23.490667,130.999596,4.938886
24.469444,130.999596,5.053915
25.448222,130.999596,5.198948
26.427000,130.999596,5.379672
27.405778,130.999596,5.602420
28.384556,130.999596,5.874283
29.363333,130.999596,6.203148
30.342111,130.999596,6.597566
31.320889,130.999596,7.066296
32.299667,130.999596,7.617263
33.278444,130.999596,8.255586
34.257222,130.999596,8.980210
35.236000,130.999596,9.778855
36.214778,130.999596,10.621591
37.193556,130.999596,11.455002
38.172333,130.999596,12.201243
39.151111,130.999596,12.767806
40.129889,130.999596,13.070624
41.108667,130.999596,13.063375
42.087444,130.999596,12.756460
43.066222,130.999596,12.212410
44.045000,130.999596,11.521052
45.023778,130.999596,10.770825
46.002556,130.999596,10.030259
46.981333,130.999596,9.342656
47.960111,130.999596,8.729431
48.938889,130.999596,8.196527
49.917667,130.999596,7.740484
50.896444,130.999596,7.352926
51.875222,130.999596,7.023465
52.854000,130.999596,6.741410
53.832778,130.999596,6.496708
54.811556,130.999596,6.280424
55.790333,130.999596,6.084953
56.769111,130.999596,5.904086
57.747889,130.999596,5.732966
58.726667,130.999596,5.567995
59.705444,130.999596,5.406669
60.684222,130.999596,5.247410
61.663000,130.999596,5.089361
62.641778,130.999596,4.932204
63.620556,130.999596,4.775987
64.599333,130.999596,4.620987
65.578111,130.999596,4.467600
66.556889,130.999596,4.316268
67.535667,130.999596,4.167428
68.514444,130.999596,4.021486
69.493222,130.999596,3.878802
70.472000,130.999596,3.739684
71.450778,130.999596,3.604393
72.429556,130.999596,3.473139
73.408333,130.999596,3.346088
74.387111,130.999596,3.223364
75.365889,130.999596,3.105052
76.344667,130.999596,2.991198
77.323444,130.999596,2.881815
78.302222,130.999596,2.776883
0.000000,132.637091,3.063504
0.978778,132.637091,3.193811
1.957556,132.637091,3.330000
2.936333,132.637091,3.471487
3.915111,132.637091,3.617341
4.893889,132.637091,3.766220
5.872667,132.637091,3.916327
6.851444,132.637091,4.065394
7.830222,132.637091,4.210720
8.809000,132.637091,4.349282
9.787778,132.637091,4.477915
10.766556,132.637091,4.593578
11.745333,132.637091,4.693663
12.724111,132.637091,4.776322
13.702889,132.637091,4.840747
14.681667,132.637091,4.887349
15.660444,132.637091,4.917804
16.639222,132.637091,4.934950
17.618000,132.637091,4.942574
18.596778,132.637091,4.945127
19.575556,132.637091,4.947428
20.554333,132.637091,4.954417
21.533111,132.637091,4.970974
22.511889,132.637091,5.001818
23.490667,132.637091,5.051492
24.469444,132.637091,5.124403
25.448222,132.637091,5.224900
26.427000,132.637091,5.357362
27.405778,132.637091,5.526268
28.384556,132.637091,5.736222
29.363333,132.637091,5.991862
30.342111,132.637091,6.297610
31.320889,132.637091,6.657156
32.299667,132.637091,7.072548
33.278444,132.637091,7.542763
34.257222,132.637091,8.061683
35.236000,132.637091,8.615593
36.214778,132.637091,9.180741
37.193556,132.637091,9.722149
38.172333,132.637091,10.195430
39.151111,132.637091,10.553125
40.129889,132.637091,10.755263
41.108667,132.637091,10.780760
42.087444,132.637091,10.634204
43.066222,132.637091,10.344210
44.045000,132.637091,9.954273
45.023778,132.637091,9.511013
46.002556,132.637091,9.054852
46.981333,132.637091,8.615342
47.960111,132.637091,8.210600
48.938889,132.637091,7.849105
49.917667,132.637091,7.532268
50.896444,132.637091,7.256866
51.875222,132.637091,7.016979
52.854000,132.637091,6.805415
53.832778,132.637091,6.614721
54.811556,132.637091,6.437888
55.790333,132.637091,6.268841
56.769111,132.637091,6.102735
57.747889,132.637091,5.936095
58.726667,132.637091,5.766808
59.705444,132.637091,5.593980
60.684222,132.637091,5.417707
61.663000,132.637091,5.238798
62.641778,132.637091,5.058492
63.620556,132.637091,4.878213
64.599333,132.637091,4.699379
65.578111,132.637091,4.523274
66.556889,132.637091,4.350973
67.535667,132.637091,4.183319
68.514444,132.637091,4.020928
69.493222,132.637091,3.864215
70.472000,132.637091,3.713428
71.450778,132.637091,3.568679
72.429556,132.637091,3.429984
73.408333,132.637091,3.297282
74.387111,132.637091,3.170459
75.365889,132.637091,3.049369
76.344667,132.637091,2.933838
77.323444,132.637091,2.823679
0.000000,134.274586,3.172266
0.978778,134.274586,3.327578
1.957556,134.274586,3.492367
2.936333,134.274586,3.666202
3.915111,134.274586,3.848140
4.893889,134.274586,4.036585
5.872667,134.274586,4.229152
6.851444,134.274586,4.422577
7.830222,134.274586,4.612688
8.809000,134.274586,4.794519
9.787778,134.274586,4.962573
10.766556,134.274586,5.111274
11.745333,134.274586,5.235570
12.724111,134.274586,5.331598
13.702889,134.274586,5.397286
14.681667,134.274586,5.432743
15.660444,134.274586,5.440341
16.639222,134.274586,5.424466
17.618000,134.274586,5.391005
18.596778,134.274586,5.346713
19.575556,134.274586,5.298590
20.554333,134.274586,5.253379
21.533111,134.274586,5.217244
22.511889,134.274586,5.195619
23.490667,134.274586,5.193201
24.469444,134.274586,5.214028
25.448222,134.274586,5.261606
26.427000,134.274586,5.339031
27.405778,134.274586,5.449070
28.384556,134.274586,5.594185
29.363333,134.274586,5.776443
30.342111,134.274586,5.997297
31.320889,134.274586,6.257195
32.299667,134.274586,6.554970
33.278444,134.274586,6.887021
34.257222,134.274586,7.246321
35.236000,134.274586,7.621449
36.214778,134.274586,7.995981
37.193556,134.274586,8.348774
38.172333,134.274586,8.655687
39.151111,134.274586,8.892962
40.129889,134.274586,9.041780
41.108667,134.274586,9.092600
42.087444,134.274586,9.047574
43.066222,134.274586,8.919923
44.045000,134.274586,8.730532
45.023778,134.274586,8.503215
46.002556,134.274586,8.260355
46.981333,134.274586,8.019982
47.960111,134.274586,7.794507
48.938889,134.274586,7.590736
49.917667,134.274586,7.410623
50.896444,134.274586,7.252318
51.875222,134.274586,7.111273
52.854000,134.274586,6.981291
53.832778,134.274586,6.855499
54.811556,134.274586,6.727241
55.790333,134.274586,6.590833
56.769111,134.274586,6.442137
57.747889,134.274586,6.278889
58.726667,134.274586,6.100732
59.705444,134.274586,5.908988
60.684222,134.274586,5.706234
61.663000,134.274586,5.495793
62.641778,134.274586,5.281235
63.620556,134.274586,5.065981
64.599333,134.274586,4.853026
65.578111,134.274586,4.644798
66.556889,134.274586,4.443120
67.535667,134.274586,4.249250
68.514444,134.274586,4.063956
69.493222,134.274586,3.887614
70.472000,134.274586,3.720302
71.450778,134.274586,3.561885
72.429556,134.274586,3.412084
73.408333,134.274586,3.270533
74.387111,134.274586,3.136814
75.365889,134.274586,3.010492
76.344667,134.274586,2.891129
77.323444,134.274586,2.778301
0.000000,135.912081,3.301182
0.978778,135.912081,3.487184
1.957556,135.912081,3.687926
2.936333,135.912081,3.903492
3.915111,135.912081,4.133291
4.893889,135.912081,4.375772
5.872667,135.912081,4.628118
6.851444,135.912081,4.885942
7.830222,135.912081,5.143080
8.809000,135.912081,5.391578
9.787778,135.912081,5.622012
10.766556,135.912081,5.824228
11.745333,135.912081,5.988510
12.724111,135.912081,6.107014
13.702889,135.912081,6.175138
14.681667,135.912081,6.192454
15.660444,135.912081,6.162892
16.639222,135.912081,6.094106
17.618000,135.912081,5.996263
18.596778,135.912081,5.880593
19.575556,135.912081,5.758096
20.554333,135.912081,5.638621
21.533111,135.912081,5.530388
22.511889,135.912081,5.439877
23.490667,135.912081,5.371973
24.469444,135.912081,5.330230
25.448222,135.912081,5.317164
26.427000,135.912081,5.334511
27.405778,135.912081,5.383406
28.384556,135.912081,5.464479
29.363333,135.912081,5.577842
30.342111,135.912081,5.722967
31.320889,135.912081,5.898464
32.299667,135.912081,6.101748
33.278444,135.912081,6.328652
34.257222,135.912081,6.573034
35.236000,135.912081,6.826503
36.214778,135.912081,7.078446
37.193556,135.912081,7.316520
38.172333,135.912081,7.527763
39.151111,135.912081,7.700265
40.129889,135.912081,7.825123
41.108667,135.912081,7.898131
42.087444,135.912081,7.920661
43.066222,135.912081,7.899376
44.045000,135.912081,7.844864
45.023778,135.912081,7.769619
46.002556,135.912081,7.685954
46.981333,135.912081,7.604295
47.960111,135.912081,7.532057
48.938889,135.912081,7.473107
49.917667,135.912081,7.427674
50.896444,135.912081,7.392604
51.875222,135.912081,7.361892
52.854000,135.912081,7.327482
53.832778,135.912081,7.280315
54.811556,135.912081,7.211588
55.790333,135.912081,7.114049
56.769111,135.912081,6.983096
57.747889,135.912081,6.817427
58.726667,135.912081,6.619085
59.705444,135.912081,6.392907
60.684222,135.912081,6.145575
61.663000,135.912081,5.884534
62.641778,135.912081,5.617035
63.620556,135.912081,5.349453
64.599333,135.912081,5.086924
65.578111,135.912081,4.833244
66.556889,135.912081,4.590964
67.535667,135.912081,4.361582
68.514444,135.912081,4.145769
69.493222,135.912081,3.943592
70.472000,135.912081,3.754704
71.450778,135.912081,3.578492
72.429556,135.912081,3.414195
73.408333,135.912081,3.260985
74.387111,135.912081,3.118020
75.365889,135.912081,2.984482
76.344667,135.912081,2.859598
0.000000,137.549576,3.444435
0.978778,137.549576,3.666832
1.957556,137.549576,3.911374
2.936333,137.549576,4.179306
3.915111,137.549576,4.471119
4.893889,137.549576,4.786066
5.872667,137.549576,5.121540
6.851444,137.549576,5.472349
7.830222,137.549576,5.830008
8.809000,137.549576,6.182274
9.787778,137.549576,6.513258
10.766556,137.549576,6.804486
11.745333,137.549576,7.037110
12.724111,137.549576,7.195063
13.702889,137.549576,7.268381
14.681667,137.549576,7.255565
15.660444,137.549576,7.164050
16.639222,137.549576,7.008563
17.618000,137.549576,6.808072
18.596778,137.549576,6.582443
19.575556,137.549576,6.349779
20.554333,137.549576,6.124881
21.533111,137.549576,5.918778
22.511889,137.549576,5.738993
23.490667,137.549576,5.590173
24.469444,137.549576,5.474810
25.448222,137.549576,5.393889
26.427000,137.549576,5.347392
27.405778,137.549576,5.334639
28.384556,137.549576,5.354485
29.363333,137.549576,5.405395
30.342111,137.549576,5.485412
31.320889,137.549576,5.592063
32.299667,137.549576,5.722202
33.278444,137.549576,5.871857
34.257222,137.549576,6.036106
35.236000,137.549576,6.209058
36.214778,137.549576,6.384018
37.193556,137.549576,6.553862
38.172333,137.549576,6.711678
39.151111,137.549576,6.851575
40.129889,137.549576,6.969544
41.108667,137.549576,7.064150
42.087444,137.549576,7.136857
43.066222,137.549576,7.191869
44.045000,137.549576,7.235501
45.023778,137.549576,7.275208
46.002556,137.549576,7.318463
46.981333,137.549576,7.371647
47.960111,137.549576,7.439070
48.938889,137.549576,7.522144
49.917667,137.549576,7.618755
50.896444,137.549576,7.722881
51.875222,137.549576,7.824596
52.854000,137.549576,7.910653
53.832778,137.549576,7.965829
54.811556,137.549576,7.975049
55.790333,137.549576,7.925973
56.769111,137.549576,7.811423
57.747889,137.549576,7.630853
58.726667,137.549576,7.390356
59.705444,137.549576,7.101227
60.684222,137.549576,6.777647
61.663000,137.549576,6.434259
62.641778,137.549576,6.084279
63.620556,137.549576,5.738399
64.599333,137.549576,5.404435
65.578111,137.549576,5.087511
66.556889,137.549576,4.790511
67.535667,137.549576,4.514619
68.514444,137.549576,4.259828
69.493222,137.549576,4.025356
70.472000,137.549576,3.809967
71.450778,137.549576,3.612195
72.429556,137.549576,3.430504
73.408333,137.549576,3.263378
74.387111,137.549576,3.109385
75.365889,137.549576,2.967200
0.000000,139.187071,3.592748
0.978778,139.187071,3.856118
1.957556,139.187071,4.151410
2.936333,139.187071,4.481992
3.915111,139.187071,4.850670
4.893889,139.187071,5.258980
5.872667,139.187071,5.706121
6.851444,139.187071,6.187494
7.830222,139.187071,6.692926
8.809000,139.187071,7.204927
9.787778,139.187071,7.697702
10.766556,139.187071,8.138052
11.745333,139.187071,8.489196
12.724111,139.187071,8.717686
13.702889,139.187071,8.801710
14.681667,139.187071,8.737448
15.660444,139.187071,8.540353
16.639222,139.187071,8.240658
17.618000,139.187071,7.875435
18.596778,139.187071,7.480785
19.575556,139.187071,7.086630
20.554333,139.187071,6.714678
21.533111,139.187071,6.378761
22.511889,139.187071,6.086362
23.490667,139.187071,5.840435
24.469444,139.187071,5.640999
25.448222,139.187071,5.486353
26.427000,139.187071,5.373885
27.405778,139.187071,5.300580
28.384556,139.187071,5.263285
29.363333,139.187071,5.258815
30.342111,139.187071,5.283958
31.320889,139.187071,5.335425
32.299667,139.187071,5.409767
33.278444,139.187071,5.503306
34.257222,139.187071,5.612107
35.236000,139.187071,5.732016
36.214778,139.187071,5.858798
37.193556,139.187071,5.988384
38.172333,139.187071,6.117221
39.151111,139.187071,6.242678
40.129889,139.187071,6.363457
41.108667,139.187071,6.479894
42.087444,139.187071,6.594105
43.066222,139.187071,6.709894
44.045000,139.187071,6.832435
45.023778,139.187071,6.967734
46.002556,139.187071,7.121915
46.981333,139.187071,7.300353
47.960111,139.187071,7.506656
48.938889,139.187071,7.741471
49.917667,139.187071,8.001153
50.896444,139.187071,8.276418
51.875222,139.187071,8.551330
52.854000,139.187071,8.803245
53.832778,139.187071,9.004450
54.811556,139.187071,9.126020
55.790333,139.187071,9.143504
56.769111,139.187071,9.042849
57.747889,139.187071,8.824190
58.726667,139.187071,8.501751
59.705444,139.187071,8.099929
60.684222,139.187071,7.647416
61.663000,139.187071,7.171698
62.641778,139.187071,6.695462
63.620556,139.187071,6.235186
64.599333,139.187071,5.801368
65.578111,139.187071,5.399605
66.556889,139.187071,5.031918
67.535667,139.187071,4.697959
68.514444,139.187071,4.395953
69.493222,139.187071,4.123384
70.472000,139.187071,3.877436
71.450778,139.187071,3.655279
72.429556,139.187071,3.454219
73.408333,139.187071,3.271790
74.387111,139.187071,3.105777
75.365889,139.187071,2.954224
0.000000,140.824566,3.732873
0.978778,140.824566,4.038925
1.957556,140.824566,4.388643
2.936333,140.824566,4.788651
3.915111,140.824566,5.245709
4.893889,140.824566,5.765884
5.872667,140.824566,6.353069
6.851444,140.824566,7.006536
7.830222,140.824566,7.717366
8.809000,140.824566,8.463917
9.787778,140.824566,9.207524
10.766556,140.824566,9.891043
11.745333,140.824566,10.443991
12.724111,140.824566,10.796812
13.702889,140.824566,10.901500
14.681667,140.824566,10.749050
15.660444,140.824566,10.373095
16.639222,140.824566,9.837277
17.618000,140.824566,9.214524
18.596778,140.824566,8.569339
19.575556,140.824566,7.948899
20.554333,140.824566,7.382185
21.533111,140.824566,6.883494
22.511889,140.824566,6.457082
23.490667,140.824566,6.101194
24.469444,140.824566,5.810968
25.448222,140.824566,5.580264
26.427000,140.824566,5.402720
27.405778,140.824566,5.272276
28.384556,140.824566,5.183395
29.363333,140.824566,5.131091
30.342111,140.824566,5.110881
31.320889,140.824566,5.118694
32.299667,140.824566,5.150773
33.278444,140.824566,5.203614
34.257222,140.824566,5.273925
35.236000,140.824566,5.358659
36.214778,140.824566,5.455094
37.193556,140.824566,5.560980
38.172333,140.824566,5.674739
39.151111,140.824566,5.795691
40.129889,140.824566,5.924275
41.108667,140.824566,6.062235
42.087444,140.824566,6.212727
43.066222,140.824566,6.380310
44.045000,140.824566,6.570827
45.023778,140.824566,6.791121
46.002556,140.824566,7.048565
46.981333,140.824566,7.350338
47.960111,140.824566,7.702305
48.938889,140.824566,8.107353
49.917667,140.824566,8.563013
50.896444,140.824566,9.058378
51.875222,140.824566,9.570758
52.854000,140.824566,10.063342
53.832778,140.824566,10.486048
54.811556,140.824566,10.781974
55.790333,140.824566,10.899973
56.769111,140.824566,10.809771
57.747889,140.824566,10.512372
58.726667,140.824566,10.039684
59.705444,140.824566,9.443597
60.684222,140.824566,8.780902
61.663000,140.824566,8.101139
62.641778,140.824566,7.440641
63.620556,140.824566,6.822031
64.599333,140.824566,6.256716
65.578111,140.824566,5.748234
66.556889,140.824566,5.295246
67.535667,140.824566,4.893766
68.514444,140.824566,4.538637
69.493222,140.824566,4.224424
70.472000,140.824566,3.945905
71.450778,140.824566,3.698316
72.429556,140.824566,3.477435
73.408333,140.824566,3.279596
74.387111,140.824566,3.101645
0.000000,142.462061,3.848178
0.978778,142.462061,4.193748
1.957556,142.462061,4.595244
2.936333,142.462061,5.063382
3.915111,142.462061,5.610301
4.893889,142.462061,6.248918
5.872667,142.462061,6.991350
6.851444,142.462061,7.845698
7.830222,142.462061,8.810299
8.809000,142.462061,9.864810
9.787778,142.462061,10.958913
10.766556,142.462061,12.003115
11.745333,142.462061,12.871319
12.724111,142.462061,13.426168
13.702889,142.462061,13.566395
14.681667,142.462061,13.272157
15.660444,142.462061,12.614924
16.639222,142.462061,11.723741
17.618000,142.462061,10.734560
18.596778,142.462061,9.754243
19.575556,142.462061,8.849412
20.554333,142.462061,8.052127
21.533111,142.462061,7.371125
22.511889,142.462061,6.801995
23.490667,142.462061,6.334219
24.469444,142.462061,5.955337
25.448222,142.462061,5.653108
26.427000,142.462061,5.416471
27.405778,142.462061,5.235841
28.384556,142.462061,5.103093
29.363333,142.462061,5.011399
30.342111,142.462061,4.955028
31.320889,142.462061,4.929148
32.299667,142.462061,4.929672
33.278444,142.462061,4.953134
34.257222,142.462061,4.996629
35.236000,142.462061,5.057790
36.214778,142.462061,5.134831
37.193556,142.462061,5.226624
38.172333,142.462061,5.332828
39.151111,142.462061,5.454040
40.129889,142.462061,5.591959
41.108667,142.462061,5.749555
42.087444,142.462061,5.931215
43.066222,142.462061,6.142863
44.045000,142.462061,6.392030
45.023778,142.462061,6.687827
46.002556,142.462061,7.040776
46.981333,142.462061,7.462325
47.960111,142.462061,7.963828
48.938889,142.462061,8.554554
49.917667,142.462061,9.238179
50.896444,142.462061,10.007182
51.875222,142.462061,10.835116
52.854000,142.462061,11.668390
53.832778,142.462061,12.422294
54.811556,142.462061,12.988987
55.790333,142.462061,13.263103
56.769111,142.462061,13.179071
57.747889,142.462061,12.739414
58.726667,142.462061,12.013611
59.705444,142.462061,11.108412
60.684222,142.462061,10.130835
61.663000,142.462061,9.163804
62.641778,142.462061,8.259275
63.620556,142.462061,7.442750
64.599333,142.462061,6.721566
65.578111,142.462061,6.092493
66.556889,142.462061,5.547128
67.535667,142.462061,5.075221
68.514444,142.462061,4.666479
69.493222,142.462061,4.311439
70.472000,142.462061,4.001795
71.450778,142.462061,3.730450
72.429556,142.462061,3.491428
73.408333,142.462061,3.279744
74.387111,142.462061,3.091253
0.000000,144.099556,3.920923
0.978778,144.099556,4.296547
1.957556,144.099556,4.738348
2.936333,144.099556,5.260942
3.915111,144.099556,5.881900
4.893889,144.099556,6.621587
5.872667,144.099556,7.501984
6.851444,144.099556,8.543369
7.830222,144.099556,9.757089
8.809000,144.099556,11.132123
9.787778,144.099556,12.614355
10.766556,144.099556,14.083286
11.745333,144.099556,15.343614
12.724111,144.099556,16.160249
13.702889,144.099556,16.348107
14.681667,144.099556,15.869682
15.660444,144.099556,14.857368
16.639222,144.099556,13.538758
17.618000,144.099556,12.134035
18.596778,144.099556,10.796498
19.575556,144.099556,9.606137
20.554333,144.099556,8.589662
21.533111,144.099556,7.743477
22.511889,144.099556,7.050242
23.490667,144.099556,6.488452
24.469444,144.099556,6.037141
25.448222,144.099556,5.677788
26.427000,144.099556,5.394805
27.405778,144.099556,5.175400
28.384556,144.099556,5.009203
29.363333,144.099556,4.887854
30.342111,144.099556,4.804616
31.320889,144.099556,4.754068
32.299667,144.099556,4.731862
33.278444,144.099556,4.734544
34.257222,144.099556,4.759449
35.236000,144.099556,4.804647
36.214778,144.099556,4.868942
37.193556,144.099556,4.951923
38.172333,144.099556,5.054048
39.151111,144.099556,5.176775
40.129889,144.099556,5.322723
41.108667,144.099556,5.495859
42.087444,144.099556,5.701728
43.066222,144.099556,5.947700
44.045000,144.099556,6.243245
45.023778,144.099556,6.600206
46.002556,144.099556,7.032995
46.981333,144.099556,7.558564
47.960111,144.099556,8.195802
48.938889,144.099556,8.963727
49.917667,144.099556,9.877380
50.896444,144.099556,10.939820
51.875222,144.099556,12.128692
52.854000,144.099556,13.377915
53.832778,144.099556,14.561497
54.811556,144.099556,15.496804
55.790333,144.099556,15.987926
56.769111,144.099556,15.905710
57.747889,144.099556,15.255299
58.726667,144.099556,14.173275
59.705444,144.099556,12.857096
60.684222,144.099556,11.486531
61.663000,144.099556,10.183452
62.641778,144.099556,9.010655
63.620556,144.099556,7.988639
64.599333,144.099556,7.113691
65.578111,144.099556,6.370902
66.556889,144.099556,5.741804
67.535667,144.099556,5.208235
68.514444,144.099556,4.753972
69.493222,144.099556,4.365206
70.472000,144.099556,4.030489
71.450778,144.099556,3.740451
72.429556,144.099556,3.487478
73.408333,144.099556,3.265392
0.000000,145.737051,3.936118
0.978778,145.737051,4.326328
1.957556,145.737051,4.788114
2.936333,145.737051,5.338308
3.915111,145.737051,5.997683
4.893889,145.737051,6.791194
5.872667,145.737051,7.747243
6.851444,145.737051,8.894676
7.830222,145.737051,10.255133
8.809000,145.737051,11.827223
9.787778,145.737051,13.559399
10.766556,145.737051,15.315009
11.745333,145.737051,16.851502
12.724111,145.737051,17.858267
13.702889,145.737051,18.080707
14.681667,145.737051,17.466243
15.660444,145.737051,16.198672
16.639222,145.737051,14.584467
17.618000,145.737051,12.904922
18.596778,145.737051,11.341440
19.575556,145.737051,9.977605
20.554333,145.737051,8.832333
21.533111,145.737051,7.891477
22.511889,145.737051,7.128219
23.490667,145.737051,6.513690
24.469444,145.737051,6.021576
25.448222,145.737051,5.629598
26.427000,145.737051,5.319572
27.405778,145.737051,5.076935
28.384556,145.737051,4.890127
29.363333,145.737051,4.750012
30.342111,145.737051,4.649385
31.320889,145.737051,4.582586
32.299667,145.737051,4.545208
33.278444,145.737051,4.533893
34.257222,145.737051,4.546188
35.236000,145.737051,4.580477
36.214778,145.737051,4.635956
37.193556,145.737051,4.712664
38.172333,145.737051,4.811553
39.151111,145.737051,4.934610
40.129889,145.737051,5.085020
41.108667,145.737051,5.267389
42.087444,145.737051,5.488023
43.066222,145.737051,5.755276
44.045000,145.737051,6.079986
45.023778,145.737051,6.475975
46.002556,145.737051,6.960572
46.981333,145.737051,7.555017
47.960111,145.737051,8.284389
48.938889,145.737051,9.176317
49.917667,145.737051,10.256988
50.896444,145.737051,11.541965
51.875222,145.737051,13.018451
52.854000,145.737051,14.617265
53.832778,145.737051,16.181537
54.811556,145.737051,17.458619
55.790333,145.737051,18.156845
56.769111,145.737051,18.075017
57.747889,145.737051,17.221256
58.726667,145.737051,15.807849
59.705444,145.737051,14.127482
60.684222,145.737051,12.427231
61.663000,145.737051,10.857361
62.641778,145.737051,9.482352
63.620556,145.737051,8.312550
64.599333,145.737051,7.331540
65.578111,145.737051,6.513169
66.556889,145.737051,5.830247
67.535667,145.737051,5.258245
68.514444,145.737051,4.776429
69.493222,145.737051,4.367842
70.472000,145.737051,4.018834
71.450778,145.737051,3.718499
72.429556,145.737051,3.458140
0.000000,147.374545,3.885742
0.978778,147.374545,4.271675
1.957556,147.374545,4.727972
2.936333,147.374545,5.270969
3.915111,147.374545,5.920722
4.893889,147.374545,6.701146
5.872667,147.374545,7.639173
6.851444,147.374545,8.761653
7.830222,147.374545,10.087766
8.809000,147.374545,11.613687
9.787778,147.374545,13.286926
10.766556,147.374545,14.974174
11.745333,147.374545,16.443706
12.724111,147.374545,17.402895
13.702889,147.374545,17.614039
14.681667,147.374545,17.028225
15.660444,147.374545,15.816636
16.639222,147.374545,14.266695
17.618000,147.374545,12.645353
18.596778,147.374545,11.127767
19.575556,147.374545,9.797020
20.554333,147.374545,8.674035
21.533111,147.374545,7.747175
22.511889,147.374545,6.991799
23.490667,147.374545,6.380692
24.469444,147.374545,5.888726
25.448222,147.374545,5.494451
26.427000,147.374545,5.180270
27.405778,147.374545,4.932043
28.384556,147.374545,4.738537
29.363333,147.374545,4.590882
30.342111,147.374545,4.482114
31.320889,147.374545,4.406803
32.299667,147.374545,4.360781
33.278444,147.374545,4.340934
34.257222,147.374545,4.345070
35.236000,147.374545,4.371840
36.214778,147.374545,4.420711
37.193556,147.374545,4.491983
38.172333,147.374545,4.586856
39.151111,147.374545,4.707535
40.129889,147.374545,4.857392
41.108667,147.374545,5.041184
42.087444,147.374545,5.265342
43.066222,147.374545,5.538342
44.045000,147.374545,5.871167
45.023778,147.374545,6.277855
46.002556,147.374545,6.776099
46.981333,147.374545,7.387741
47.960111,147.374545,8.138820
48.938889,147.374545,9.058420
49.917667,147.374545,10.174760
50.896444,147.374545,11.505881
51.875222,147.374545,13.041199
52.854000,147.374545,14.711608
53.832778,147.374545,16.354923
54.811556,147.374545,17.704826
55.790333,147.374545,18.449748
56.769111,147.374545,18.372995
57.747889,147.374545,17.483329
58.726667,147.374545,16.009282
59.705444,147.374545,14.263244
60.684222,147.374545,12.505325
61.663000,147.374545,10.890555
62.641778,147.374545,9.483014
63.620556,147.374545,8.290659
64.599333,147.374545,7.294470
65.578111,147.374545,6.466135
66.556889,147.374545,5.776857
67.535667,147.374545,5.200977
68.514444,147.374545,4.716985
69.493222,147.374545,4.307391
70.472000,147.374545,3.958186
71.450778,147.374545,3.658218
72.429556,147.374545,3.398617
0.000000,149.012040,3.771280
0.978778,149.012040,4.134825
1.957556,149.012040,4.561305
2.936333,149.012040,5.064088
3.915111,149.012040,5.658978
4.893889,149.012040,6.363885
5.872667,149.012040,7.197454
6.851444,149.012040,8.175706
7.830222,149.012040,9.305183
8.809000,149.012040,10.570916
9.787778,149.012040,11.918928
10.766556,149.012040,13.238187
11.745333,149.012040,14.356878
12.724111,149.012040,15.074774
13.702889,149.012040,15.237520
14.681667,149.012040,14.814085
15.660444,149.012040,13.914206
16.639222,149.012040,12.729641
17.618000,149.012040,11.451084
18.596778,149.012040,10.216627
19.575556,149.012040,9.102742
20.554333,149.012040,8.138739
21.533111,149.012040,7.325584
22.511889,149.012040,6.650391
23.490667,149.012040,6.095288
24.469444,149.012040,5.642043
25.448222,149.012040,5.274127
26.427000,149.012040,4.977405
27.405778,149.012040,4.740171
28.384556,149.012040,4.552914
29.363333,149.012040,4.407999
30.342111,149.012040,4.299367
31.320889,149.012040,4.222270
32.299667,149.012040,4.173061
33.278444,149.012040,4.149038
34.257222,149.012040,4.148337
35.236000,149.012040,4.169865
36.214778,149.012040,4.213281
37.193556,149.012040,4.279008
38.172333,149.012040,4.368285
39.151111,149.012040,4.483259
40.129889,149.012040,4.627120
41.108667,149.012040,4.804282
42.087444,149.012040,5.020623
43.066222,149.012040,5.283783
44.045000,149.012040,5.603523
45.023778,149.012040,5.992120
46.002556,149.012040,6.464738
46.981333,149.012040,7.039610
47.960111,149.012040,7.737678
48.938889,149.012040,8.581000
49.917667,149.012040,9.588655
50.896444,149.012040,10.768163
51.875222,149.012040,12.100186
52.854000,149.012040,13.516241
53.832778,149.012040,14.876694
54.811556,149.012040,15.970175
55.790333,149.012040,16.562864
56.769111,149.012040,16.497644
57.747889,149.012040,15.780805
58.726667,149.012040,14.578329
59.705444,149.012040,13.125408
60.684222,149.012040,11.629444
61.663000,149.012040,10.224822
62.641778,149.012040,8.975939
63.620556,149.012040,7.899729
64.599333,149.012040,6.987560
65.578111,149.012040,6.220012
66.556889,149.012040,5.575047
67.535667,149.012040,5.031869
68.514444,149.012040,4.572375
69.493222,149.012040,4.181443
70.472000,149.012040,3.846706
71.450778,149.012040,3.558158
0.000000,150.649535,3.603153
0.978778,150.649535,3.930746
1.957556,150.649535,4.309930
2.936333,150.649535,4.749930
3.915111,150.649535,5.260890
4.893889,150.649535,5.853124
5.872667,150.649535,6.535513
6.851444,150.649535,7.312491
7.830222,150.649535,8.179026
8.809000,150.649535,9.113333
9.787778,150.649535,10.068412
10.766556,150.649535,10.966302
11.745333,150.649535,11.702331
12.724111,150.649535,12.166425
13.702889,150.649535,12.279259
14.681667,150.649535,12.025375
15.660444,150.649535,11.460280
16.639222,150.649535,10.686056
17.618000,150.649535,9.813534
18.596778,150.649535,8.933553
19.575556,150.649535,8.106077
20.554333,150.649535,7.362742
21.533111,150.649535,6.714858
22.511889,150.649535,6.161456
23.490667,150.649535,5.695281
24.469444,150.649535,5.306589
25.448222,150.649535,4.985277
26.427000,150.649535,4.721941
27.405778,150.649535,4.508317
28.384556,150.649535,4.337386
29.363333,150.649535,4.203325
30.342111,150.649535,4.101399
31.320889,150.649535,4.027830
32.299667,150.649535,3.979691
33.278444,150.649535,3.954805
34.257222,150.649535,3.951684
35.236000,150.649535,3.969489
36.214778,150.649535,4.008014
37.193556,150.649535,4.067700
38.172333,150.649535,4.149672
39.151111,150.649535,4.255809
40.129889,150.649535,4.388835
41.108667,150.649535,4.552442
42.087444,150.649535,4.751447
43.066222,150.649535,4.991960
44.045000,150.649535,5.281572
45.023778,150.649535,5.629496
46.002556,150.649535,6.046602
46.981333,150.649535,6.545163
47.960111,150.649535,7.138021
48.938889,150.649535,7.836663
49.917667,150.649535,8.647451
50.896444,150.649535,9.565092
51.875222,150.649535,10.562894
52.854000,150.649535,11.581281
53.832778,150.649535,12.520290
54.811556,150.649535,13.246853
55.790333,150.649535,13.626607
56.769111,150.649535,13.574220
57.747889,150.649535,13.093055
58.726667,150.649535,12.273522
59.705444,150.649535,11.251492
60.684222,150.649535,10.158531
61.663000,150.649535,9.091865
62.641778,150.649535,8.108514
63.620556,150.649535,7.233366
64.599333,150.649535,6.470657
65.578111,150.649535,5.813501
66.556889,150.649535,5.250187
67.535667,150.649535,4.767787
68.514444,150.649535,4.353967
69.493222,150.649535,3.997753
70.472000,150.649535,3.689741
71.450778,150.649535,3.422039
0.000000,152.287030,3.397350
0.978778,152.287030,3.681802
1.957556,152.287030,4.005459
2.936333,152.287030,4.373650
3.915111,152.287030,4.791519
4.893889,152.287030,5.263222
5.872667,152.287030,5.790557
6.851444,152.287030,6.370870
7.830222,152.287030,6.994170
8.809000,152.287030,7.639759
9.787778,152.287030,8.273422
10.766556,152.287030,8.847204
11.745333,152.287030,9.304284
12.724111,152.287030,9.590229
13.702889,152.287030,9.668154
14.681667,152.287030,9.531089
15.660444,152.287030,9.204515
16.639222,152.287030,8.737497
17.618000,152.287030,8.187729
18.596778,152.287030,7.608050
19.575556,152.287030,7.038868
20.554333,152.287030,6.506523
21.533111,152.287030,6.025302
22.511889,152.287030,5.600756
23.490667,152.287030,5.232866
24.469444,152.287030,4.918482
25.448222,152.287030,4.652982
26.427000,152.287030,4.431296
27.405778,152.287030,4.248493
28.384556,152.287030,4.100079
29.363333,152.287030,3.982131
30.342111,152.287030,3.891331
31.320889,152.287030,3.824959
32.299667,152.287030,3.780863
33.278444,152.287030,3.757430
34.257222,152.287030,3.753558
35.236000,152.287030,3.768640
36.214778,152.287030,3.802565
37.193556,152.287030,3.855722
38.172333,152.287030,3.929034
39.151111,152.287030,4.023987
40.129889,152.287030,4.142691
41.108667,152.287030,4.287935
42.087444,152.287030,4.463251
43.066222,152.287030,4.672973
44.045000,152.287030,4.922249
45.023778,152.287030,5.216985
46.002556,152.287030,5.563626
46.981333,152.287030,5.968655
47.960111,152.287030,6.437619
48.938889,152.287030,6.973419
49.917667,152.287030,7.573581
50.896444,152.287030,8.226364
51.875222,152.287030,8.906084
52.854000,152.287030,9.569152
53.832778,152.287030,10.153837
54.811556,152.287030,10.587567
55.790333,152.287030,10.803404
56.769111,152.287030,10.761152
57.747889,152.287030,10.462374
58.726667,152.287030,9.949783
59.705444,152.287030,9.291425
60.684222,152.287030,8.559592
61.663000,152.287030,7.814921
62.641778,152.287030,7.099709
63.620556,152.287030,6.438530
64.599333,152.287030,5.842324
65.578111,152.287030,5.313041
66.556889,152.287030,4.847446
67.535667,152.287030,4.439767
68.514444,152.287030,4.083329
69.493222,152.287030,3.771484
70.472000,152.287030,3.498068
0.000000,153.924525,3.171100
0.978778,153.924525,3.411184
1.957556,153.924525,3.679250
2.936333,153.924525,3.977740
3.915111,153.924525,4.308414
4.893889,153.924525,4.671707
5.872667,153.924525,5.065831
6.851444,153.924525,5.485599
7.830222,153.924525,5.921095
8.809000,153.924525,6.356498
9.787778,153.924525,6.769646
10.766556,153.924525,7.133110
11.745333,153.924525,7.417415
12.724111,153.924525,7.596340
13.702889,153.924525,7.652968
14.681667,153.924525,7.584198
15.660444,153.924525,7.401633
16.639222,153.924525,7.128420
17.618000,153.924525,6.793542
18.596778,153.924525,6.425975
19.575556,153.924525,6.050507
20.554333,153.924525,5.685812
21.533111,153.924525,5.344350
22.511889,153.924525,5.033316
23.490667,153.924525,4.755963
24.469444,153.924525,4.512863
25.448222,153.924525,4.302938
26.427000,153.924525,4.124208
27.405778,153.924525,3.974303
28.384556,153.924525,3.850788
29.363333,153.924525,3.751360
30.342111,153.924525,3.673957
31.320889,153.924525,3.616820
32.299667,153.924525,3.578516
33.278444,153.924525,3.557951
34.257222,153.924525,3.554376
35.236000,153.924525,3.567387
36.214778,153.924525,3.596930
37.193556,153.924525,3.643313
38.172333,153.924525,3.707217
39.151111,153.924525,3.789710
40.129889,153.924525,3.892270
41.108667,153.924525,4.016788
42.087444,153.924525,4.165575
43.066222,153.924525,4.341328
44.045000,153.924525,4.547052
45.023778,153.924525,4.785896
46.002556,153.924525,5.060853
46.981333,153.924525,5.374247
47.960111,153.924525,5.726936
48.938889,153.924525,6.117132
49.917667,153.924525,6.538834
50.896444,153.924525,6.979986
51.875222,153.924525,7.420815
52.854000,153.924525,7.833168
53.832778,153.924525,8.182042
54.811556,153.924525,8.430236
55.790333,153.924525,8.545893
56.769111,153.924525,8.510738
57.747889,153.924525,8.325473
58.726667,153.924525,8.009559
59.705444,153.924525,7.595520
60.684222,153.924525,7.120633
61.663000,153.924525,6.619544
62.641778,153.924525,6.119836
63.620556,153.924525,5.640690
64.599333,153.924525,5.193641
65.578111,153.924525,4.784278
66.556889,153.924525,4.414063
67.535667,153.924525,4.081873
68.514444,153.924525,3.785142
69.493222,153.924525,3.520627
0.000000,155.562020,2.939453
0.978778,155.562020,3.138153
1.957556,155.562020,3.355839
2.936333,155.562020,3.593178
3.915111,155.562020,3.850077
4.893889,155.562020,4.125269
5.872667,155.562020,4.415821
6.851444,155.562020,4.716578
7.830222,155.562020,5.019679
8.809000,155.562020,5.314304
9.787778,155.562020,5.586913
10.766556,155.562020,5.822209
11.745333,155.562020,6.004920
12.724111,155.562020,6.122198
13.702889,155.562020,6.166061
14.681667,155.562020,6.135091
15.660444,155.562020,6.034766
16.639222,155.562020,5.876279
17.618000,155.562020,5.674323
18.596778,155.562020,5.444579
19.575556,155.562020,5.201634
20.554333,155.562020,4.957663
21.533111,155.562020,4.721917
22.511889,155.562020,4.500797
23.490667,155.562020,4.298276
24.469444,155.562020,4.116434
25.448222,155.562020,3.955999
26.427000,155.562020,3.816795
27.405778,155.562020,3.698099
28.384556,155.562020,3.598900
29.363333,155.562020,3.518084
30.342111,155.562020,3.454553
31.320889,155.562020,3.407310
32.299667,155.562020,3.375508
33.278444,155.562020,3.358483
34.257222,155.562020,3.355773
35.236000,155.562020,3.367134
36.214778,155.562020,3.392548
37.193556,155.562020,3.432231
38.172333,155.562020,3.486636
39.151111,155.562020,3.556452
40.129889,155.562020,3.642601
41.108667,155.562020,3.746220
42.087444,155.562020,3.868623
43.066222,155.562020,4.011234
44.045000,155.562020,4.175479
45.023778,155.562020,4.362605
46.002556,155.562020,4.573412
46.981333,155.562020,4.807864
47.960111,155.562020,5.064561
48.938889,155.562020,5.340075
49.917667,155.562020,5.628203
50.896444,155.562020,5.919277
51.875222,155.562020,6.199797
52.854000,155.562020,6.452733
53.832778,155.562020,6.658859
54.811556,155.562020,6.799254
55.790333,155.562020,6.858601
56.769111,155.562020,6.828415
57.747889,155.562020,6.709014
58.726667,155.562020,6.509446
59.705444,155.562020,6.245386
60.684222,155.562020,5.935876
61.663000,155.562020,5.600043
62.641778,155.562020,5.254679
63.620556,155.562020,4.912982
64.599333,155.562020,4.584308
65.578111,155.562020,4.274569
66.556889,155.562020,3.986926
67.535667,155.562020,3.722535
68.514444,155.562020,3.481191
69.493222,155.562020,3.261844
4.893889,157.199515,3.643896
5.872667,157.199515,3.858163
6.851444,157.199515,4.074833
7.830222,157.199515,4.288276
8.809000,157.199515,4.491468
9.787778,157.199515,4.676304
10.766556,157.199515,4.834221
11.745333,157.199515,4.957130
12.724111,157.199515,5.038504
13.702889,157.199515,5.074406
14.681667,157.199515,5.064165
15.660444,157.199515,5.010504
16.639222,157.199515,4.919082
17.618000,157.199515,4.797576
18.596778,157.199515,4.654593
19.575556,157.199515,4.498649
20.554333,157.199515,4.337403
21.533111,157.199515,4.177223
22.511889,157.199515,4.023037
23.490667,157.199515,3.878391
24.469444,157.199515,3.745643
25.448222,157.199515,3.626191
26.427000,157.199515,3.520720
27.405778,157.199515,3.429405
28.384556,157.199515,3.352092
29.363333,157.199515,3.288431
30.342111,157.199515,3.237983
31.320889,157.199515,3.200289
32.299667,157.199515,3.174930
33.278444,157.199515,3.161560
34.257222,157.199515,3.159934
35.236000,157.199515,3.169925
36.214778,157.199515,3.191533
37.193556,157.199515,3.224889
38.172333,157.199515,3.270258
39.151111,157.199515,3.328026
40.129889,157.199515,3.398688
41.108667,157.199515,3.482813
42.087444,157.199515,3.581003
43.066222,157.199515,3.693819
44.045000,157.199515,3.821679
45.023778,157.199515,3.964711
46.002556,157.199515,4.122561
46.981333,157.199515,4.294145
47.960111,157.199515,4.477348
48.938889,157.199515,4.668710
49.917667,157.199515,4.863123
50.896444,157.199515,5.053655
51.875222,157.199515,5.231602
52.854000,157.199515,5.386895
53.832778,157.199515,5.508955
54.811556,157.199515,5.587945
55.790333,157.199515,5.616234
56.769111,157.199515,5.589695
57.747889,157.199515,5.508477
58.726667,157.199515,5.376972
59.705444,157.199515,5.203000
60.684222,157.199515,4.996479
61.663000,157.199515,4.767964
62.641778,157.199515,4.527418
63.620556,157.199515,4.283388
64.599333,157.199515,4.042616
65.578111,157.199515,3.810010
66.556889,157.199515,3.588829
67.535667,157.199515,3.380982
68.514444,157.199515,3.187342
26.427000,158.837010,3.243126
27.405778,158.837010,3.174564
28.384556,158.837010,3.115852
29.363333,158.837010,3.067074
30.342111,158.837010,3.028187
31.320889,158.837010,2.999078
32.299667,158.837010,2.979610
33.278444,158.837010,2.969651
34.257222,158.837010,2.969105
35.236000,158.837010,2.977921
36.214778,158.837010,2.996105
37.193556,158.837010,3.023725
38.172333,158.837010,3.060903
39.151111,158.837010,3.107809
40.129889,158.837010,3.164638
41.108667,158.837010,3.231583
42.087444,158.837010,3.308791
43.066222,158.837010,3.396304
44.045000,158.837010,3.493980
45.023778,158.837010,3.601395
46.002556,158.837010,3.717717
46.981333,158.837010,3.841569
47.960111,158.837010,3.970880
48.938889,158.837010,4.102754
49.917667,158.837010,4.233381
50.896444,158.837010,4.358039
51.875222,158.837010,4.471227
52.854000,158.837010,4.566982
53.832778,158.837010,4.639361
54.811556,158.837010,4.683072
55.790333,158.837010,4.694129
56.769111,158.837010,4.670420
57.747889,158.837010,4.612013
58.726667,158.837010,4.521149
59.705444,158.837010,4.401902
60.684222,158.837010,4.259608
61.663000,158.837010,4.100202
62.641778,158.837010,3.929590
63.620556,158.837010,3.753177
64.599333,158.837010,3.575567
65.578111,158.837010,3.400430
66.556889,158.837010,3.230510
67.535667,158.837010,3.067715
68.514444,158.837010,2.913247
46.981333,160.474505,3.449031
47.960111,160.474505,3.539725
48.938889,160.474505,3.630269
49.917667,160.474505,3.717946
50.896444,160.474505,3.799600
51.875222,160.474505,3.871757
52.854000,160.474505,3.930829
53.832778,160.474505,3.973379
54.811556,160.474505,3.996444
55.790333,160.474505,3.997845
56.769111,160.474505,3.976438
57.747889,160.474505,3.932253
58.726667,160.474505,3.866491
59.705444,160.474505,3.781372
60.684222,160.474505,3.679874
61.663000,160.474505,3.565421
62.641778,160.474505,3.441565
63.620556,160.474505,3.311715
64.599333,160.474505,3.178943
65.578111,160.474505,3.045866
66.556889,160.474505,2.914597
67.535667,160.474505,2.786759
